code,year,number_reported,tpoverty,poverty_indicator,Total,White_alone,Black_or_African_American_alone,Asian_alone,Some_other_race_alone,Two_or_more_races,Two_races_including_some_other_race,Two_races_excluding_some_other_and_three_plus
48113000401,2013-2017,35.0,35.0,1,5755,3426,805,758,636,119,24,95
48113000401,2018-2022,35.2,32.0,1,4649,2253,1110,465,356,367,322,45
48113000405,2013-2017,17.6,36.8,1,2282,1315,474,279,173,41,0,41
48113000405,2018-2022,18.5,26.5,0,1971,845,864,79,21,162,95,67
48113000500,2013-2017,23.5,20.5,0,5357,3901,475,377,349,235,0,235
48113000601,2013-2017,22.666666666666668,27.0,0,6253,4620,715,272,448,198,40,158
48113000800,2013-2017,136.8,24.8,0,7526,4376,1199,498,1136,317,76,241
48113000900,2013-2017,21.333333333333332,33.666666666666664,1,4654,3663,171,123,656,41,17,24
48113001202,2013-2017,19.5,16.75,0,3795,3090,517,22,125,33,21,12
48113001202,2018-2022,24.5,8.5,0,3744,2449,585,168,282,260,216,44
48113001302,2013-2017,23.4,18.0,0,2141,1450,443,77,119,45,0,45
48113001302,2018-2022,23.6,26.0,0,2790,1723,819,19,97,132,77,55
48113001400,2013-2017,82.2,27.4,0,3940,3113,454,140,150,83,0,83
48113001400,2018-2022,99.8,20.0,0,3161,2025,462,134,96,423,383,40
48113001503,2013-2017,44.8,51.2,1,3684,2329,314,115,877,36,9,27
48113001503,2018-2022,92.8,44.6,1,1545,878,367,110,66,107,63,44
48113001504,2013-2017,29.8,31.6,1,2361,1533,402,158,163,105,0,105
48113001504,2018-2022,52.4,36.4,1,2713,1619,519,250,59,266,203,63
48113001600,2013-2017,221.0,36.6,1,4605,2391,1461,355,102,296,0,296
48113002000,2013-2017,55.4,28.8,0,5917,4268,1119,88,293,134,0,134
48113002100,2013-2017,146.8,12.0,0,1985,1129,602,76,46,132,8,124
48113002100,2018-2022,155.0,16.2,0,2922,1730,499,288,17,331,165,166
48113002200,2013-2017,27.0,30.0,1,2273,1615,349,202,0,96,5,91
48113002200,2018-2022,66.6,23.2,0,2507,1581,551,226,25,124,66,58
48113002400,2018-2022,13.0,20.0,0,2890,1360,181,115,465,769,711,58
48113002500,2013-2017,163.0,30.4,1,5267,3540,1290,43,322,61,11,50
48113002500,2018-2022,160.8,37.4,1,5602,2336,1250,20,1037,959,758,201
48113002701,2013-2017,82.2,61.6,1,3342,832,2492,0,18,0,0,0
48113002702,2013-2017,14.5,38.0,1,1710,335,1323,0,28,24,0,24
48113003101,2013-2017,23.0,8.25,0,3397,2430,544,210,169,41,10,31
48113003400,2013-2017,22.2,40.0,1,1335,342,939,27,23,0,0,0
48113003700,2013-2017,40.8,31.8,1,3208,905,2262,9,0,25,0,25
48113003700,2018-2022,37.0,33.8,1,3295,717,2139,0,303,136,104,32
48113003800,2013-2017,29.8,38.8,1,2251,208,2043,0,0,0,0,0
48113003901,2013-2017,128.8,45.4,1,1787,109,1669,0,0,9,0,9
48113003902,2013-2017,18.4,33.2,1,1567,388,1003,0,141,35,0,35
48113004000,2013-2017,21.6,39.4,1,1138,129,1005,0,0,0,0,0
48113004100,2013-2017,20.5,63.0,1,1249,747,384,0,94,24,0,24
48113004500,2013-2017,25.0,15.8,0,6278,5645,291,0,191,151,87,64
48113004500,2018-2022,20.2,19.0,0,5734,2888,285,21,1475,1058,972,86
48113004600,2013-2017,25.0,11.666666666666666,0,1776,1422,184,8,97,56,17,39
48113004600,2018-2022,32.4,12.8,0,1821,1168,279,40,64,255,189,66
48113004900,2013-2017,53.4,43.6,1,3864,1382,2245,0,204,28,0,28
48113005400,2013-2017,48.4,36.0,1,5965,4214,1570,0,120,56,56,0
48113005400,2018-2022,37.4,16.2,0,5336,2367,1170,99,1201,484,209,275
48113005500,2013-2017,21.0,36.6,1,4727,1908,2663,0,118,38,0,38
48113005500,2018-2022,15.75,32.0,1,4182,1387,1772,0,368,655,655,0
48113005600,2013-2017,15.0,36.0,1,7784,5673,1444,0,463,187,0,187
48113005700,2013-2017,47.8,37.0,1,4657,1737,2659,5,179,70,0,70
48113005700,2018-2022,56.4,38.0,1,5299,1770,2399,25,877,184,184,0
48113005901,2013-2017,42.6,29.4,0,5325,1324,3681,4,308,0,0,0
48113005901,2018-2022,17.6,26.2,0,5291,1220,2581,29,594,860,848,12
48113005902,2013-2017,86.8,37.0,1,4580,1415,2936,0,214,0,0,0
48113005902,2018-2022,43.6,38.2,1,4786,731,3083,0,641,331,252,79
48113006001,2013-2017,15.333333333333334,46.666666666666664,1,4869,3976,592,0,264,0,0,0
48113006001,2018-2022,14.5,32.0,1,3680,2010,252,0,891,527,505,22
48113006002,2013-2017,247.4,39.8,1,5991,1962,3223,389,277,140,51,89
48113006002,2018-2022,197.2,33.8,1,6148,1712,3713,74,99,483,483,0
48113006100,2013-2017,68.8,25.2,0,4142,2256,1668,7,82,114,22,92
48113006100,2018-2022,71.6,27.2,0,4850,2098,1820,0,648,270,255,15
48113006200,2013-2017,89.4,29.6,0,6585,4282,1763,59,271,210,0,210
48113006200,2018-2022,103.2,28.0,0,6315,2393,2132,62,696,1028,873,155
48113006301,2013-2017,58.0,23.0,0,5702,4697,537,21,405,42,35,7
48113006700,2013-2017,21.0,29.0,0,7564,6280,70,10,1004,77,53,24
48113006800,2013-2017,12.0,20.0,0,5755,3999,835,0,758,130,97,33
48113006900,2013-2017,79.2,42.4,1,3962,3254,311,9,283,53,30,23
48113006900,2018-2022,69.8,39.6,1,3837,2583,436,30,155,623,454,169
48113007102,2013-2017,23.8,16.2,0,5350,3043,1698,171,348,90,35,55
48113007102,2018-2022,15.25,11.25,0,4800,2469,1324,289,172,515,415,100
48113007201,2013-2017,13.5,28.5,0,8041,6890,455,0,630,11,0,11
48113007804,2013-2017,28.6,20.8,0,6581,2085,4040,358,98,0,0,0
48113007809,2013-2017,82.2,18.4,0,2346,1708,482,9,7,129,14,115
48113007809,2018-2022,105.8,15.8,0,3138,1878,329,295,203,433,280,153
48113007810,2013-2017,35.8,11.8,0,4450,2918,1145,145,90,152,0,152
48113007810,2018-2022,18.0,17.4,0,4219,2184,652,693,163,454,356,98
48113007811,2013-2017,160.8,31.2,1,7006,2459,3720,112,508,117,74,43
48113007815,2013-2017,30.8,53.6,1,5391,1852,1273,1583,430,236,9,227
48113007815,2018-2022,21.8,39.0,1,5044,823,1437,1409,434,879,142,737
48113007818,2013-2017,67.0,35.6,1,5472,2741,1494,479,670,88,0,88
48113007819,2013-2017,27.6,35.8,1,2289,1364,642,28,191,64,35,29
48113007819,2018-2022,14.8,23.0,0,2311,868,510,23,531,370,258,112
48113007820,2013-2017,52.8,43.2,1,7142,3134,2126,1023,691,168,0,168
48113007821,2013-2017,12.0,22.0,0,4005,1980,1132,99,436,358,69,289
48113007825,2013-2017,115.2,23.6,0,5601,3624,1335,82,472,27,27,0
48113007825,2018-2022,19.2,11.6,0,4917,2555,1154,111,801,273,252,21
48113007827,2013-2017,36.0,25.6,0,2880,971,1461,0,235,213,67,146
48113007827,2018-2022,16.6,17.4,0,2905,1212,1124,0,369,162,69,93
48113007902,2013-2017,13.0,11.25,0,5185,4793,172,71,38,79,8,71
48113007902,2018-2022,12.0,7.0,0,5077,4231,261,61,149,297,135,162
48113007913,2013-2017,16.666666666666668,12.333333333333334,0,2909,2372,387,60,64,26,0,26
48113008200,2013-2017,40.0,15.2,0,3873,3142,452,170,8,94,0,94
48113008400,2013-2017,12.25,31.25,1,9259,8335,303,0,598,23,0,23
48113008500,2013-2017,25.4,29.2,0,5266,4319,730,40,134,38,0,38
48113008500,2018-2022,14.333333333333334,29.333333333333332,0,4086,2401,266,0,245,1149,1127,22
48113008604,2013-2017,166.2,54.0,1,2933,968,1886,0,0,79,14,65
48113008604,2018-2022,129.2,51.6,1,2590,369,1712,0,206,303,209,94
48113008701,2013-2017,226.4,48.6,1,4708,263,4196,0,6,243,16,227
48113008701,2018-2022,218.0,38.8,1,5337,377,4051,0,578,331,302,29
48113008703,2013-2017,27.6,36.0,1,3063,1392,1614,0,49,8,0,8
48113008703,2018-2022,19.0,40.25,1,3855,858,1394,0,477,1073,1073,0
48113008704,2013-2017,145.8,39.4,1,3758,439,3192,0,106,0,0,0
48113008704,2018-2022,111.0,40.8,1,4301,1244,2647,0,267,143,143,0
48113008705,2013-2017,19.4,14.0,0,1310,457,738,0,108,4,0,4
48113008705,2018-2022,13.0,21.0,0,1653,262,736,0,558,97,97,0
48113008801,2013-2017,66.6,29.6,0,2902,678,2008,0,123,79,19,60
48113008801,2018-2022,51.0,21.4,0,2703,258,1897,0,245,303,237,66
48113008802,2013-2017,54.8,45.6,1,5290,2051,2927,0,188,84,0,84
48113008802,2018-2022,22.0,40.6,1,5337,336,3238,0,604,1159,1080,79
48113008900,2013-2017,117.4,44.4,1,3010,852,1984,0,161,13,0,13
48113009000,2013-2017,168.8,28.4,0,8806,5393,2442,0,776,195,127,68
48113009101,2013-2017,75.0,28.8,0,6039,4465,1345,21,143,65,0,65
48113009101,2018-2022,38.0,26.0,0,5572,1984,1272,0,372,1944,1862,82
48113009103,2013-2017,28.8,29.8,0,3630,2629,818,0,161,22,22,0
48113009103,2018-2022,11.0,28.0,0,3538,1499,994,0,306,674,655,19
48113009104,2013-2017,14.5,33.0,1,3965,3220,659,0,69,17,14,3
48113009105,2013-2017,11.666666666666666,32.333333333333336,1,3616,3009,284,0,318,5,0,5
48113009201,2013-2017,32.8,22.4,0,7086,5559,1294,10,169,54,22,32
48113009202,2013-2017,29.2,31.6,1,6413,5231,953,0,164,65,65,0
48113009202,2018-2022,14.5,26.75,0,5889,2668,1034,12,688,1487,1431,56
48113009301,2013-2017,12.0,30.666666666666668,1,5409,4805,151,57,317,79,44,35
48113009304,2013-2017,355.8,58.8,1,6368,1993,4239,0,136,0,0,0
48113009304,2018-2022,319.2,54.2,1,8451,1419,4728,0,43,2261,2042,219
48113009603,2018-2022,12.0,3.0,0,4997,3396,120,461,380,615,231,384
48113009604,2013-2017,16.333333333333332,16.666666666666668,0,4688,3873,635,28,134,18,9,9
48113009605,2013-2017,120.0,16.0,0,3375,2163,126,292,645,100,48,52
48113009605,2018-2022,125.4,6.2,0,3506,1100,521,170,1154,513,488,25
48113009608,2013-2017,14.5,17.5,0,3495,2621,238,83,280,262,132,130
48113009610,2013-2017,22.4,41.2,1,4826,4575,76,0,110,0,0,0
48113009611,2018-2022,35.8,8.6,0,3618,2210,154,239,645,234,234,0
48113009804,2013-2017,21.2,43.8,1,8067,7671,217,0,172,0,0,0
48113009804,2018-2022,11.0,34.0,1,7341,3557,89,86,3146,412,352,60
48113009900,2013-2017,21.4,17.4,0,3144,1733,475,727,74,135,0,135
48113009900,2018-2022,17.333333333333332,11.333333333333334,0,6024,1956,1346,1271,544,907,623,284
48113010000,2013-2017,161.8,28.2,0,10448,4662,4648,186,328,507,33,474
48113010101,2013-2017,40.4,33.8,1,4929,2537,1924,0,452,0,0,0
48113010101,2018-2022,15.0,30.2,1,4212,1383,1440,18,550,762,422,340
48113010701,2013-2017,77.2,28.6,0,4928,4065,137,19,633,74,56,18
48113010701,2018-2022,76.0,28.2,0,6037,2375,707,47,1763,1020,783,237
48113010703,2013-2017,69.8,29.0,0,3042,2334,314,8,386,0,0,0
48113010704,2013-2017,92.2,28.2,0,5318,3840,1260,42,176,0,0,0
48113010704,2018-2022,118.0,36.4,1,6331,1877,2247,124,795,1280,1280,0
48113010801,2013-2017,169.0,24.6,0,9783,7469,1355,185,657,117,117,0
48113010803,2013-2017,72.0,13.0,0,7108,3587,2939,0,535,47,0,47
48113010804,2013-2017,288.8,38.2,1,5372,3006,1561,0,605,187,27,160
48113010804,2018-2022,178.0,35.0,1,4980,2233,1708,0,976,63,25,38
48113010805,2013-2017,144.6,27.4,0,6368,3651,1589,36,774,234,95,139
48113010805,2018-2022,114.6,19.6,0,5260,2271,1537,55,953,444,409,35
48113010902,2013-2017,535.8,27.0,0,7572,792,6472,49,52,207,0,207
48113010903,2013-2017,207.2,21.6,0,3711,1314,1746,2,556,74,0,74
48113010903,2018-2022,170.0,25.4,0,3975,299,2636,0,406,536,414,122
48113010904,2013-2017,150.8,32.2,1,3696,707,2675,0,159,147,20,127
48113010904,2018-2022,166.2,38.6,1,4264,247,3607,24,231,146,74,72
48113011001,2013-2017,78.8,19.6,0,7342,857,6359,1,66,59,0,59
48113011002,2013-2017,21.25,12.5,0,3546,758,2571,14,72,120,0,120
48113011101,2013-2017,40.4,7.8,0,4341,761,3356,0,212,0,0,0
48113011101,2018-2022,32.4,14.0,0,4682,643,3278,0,414,347,347,0
48113011103,2013-2017,28.6,25.0,0,3472,1648,1636,52,129,7,0,7
48113011103,2018-2022,12.333333333333334,28.333333333333332,0,3442,1282,1419,18,438,285,262,23
48113011104,2013-2017,45.2,34.0,1,4272,1388,2503,0,240,95,5,90
48113011104,2018-2022,26.6,38.6,1,4620,1083,2564,0,629,344,313,31
48113011105,2013-2017,140.4,40.2,1,4331,1650,2561,0,77,43,0,43
48113011105,2018-2022,67.8,31.6,1,5586,1629,2755,0,577,625,625,0
48113011200,2013-2017,295.2,24.6,0,7023,1519,5190,13,259,42,0,42
48113011300,2013-2017,118.8,21.4,0,4997,553,4395,0,42,0,0,0
48113011300,2018-2022,102.8,24.0,0,5698,853,4222,0,295,320,301,19
48113011401,2013-2017,468.4,44.6,1,4820,565,4008,0,61,165,13,152
48113011401,2018-2022,429.4,44.4,1,5718,526,4267,121,286,518,166,352
48113011500,2013-2017,181.0,52.6,1,3876,2121,1478,0,277,0,0,0
48113011500,2018-2022,191.4,33.6,1,4907,1464,1787,0,537,1119,1105,14
48113011601,2013-2017,200.8,30.8,1,4369,1866,2392,0,70,41,36,5
48113011601,2018-2022,138.4,32.0,1,4526,1780,1592,0,428,559,559,0
48113011602,2013-2017,26.4,25.8,0,6932,5370,1063,21,386,92,92,0
48113011701,2013-2017,62.0,29.2,0,6883,4681,1690,0,467,21,21,0
48113011701,2018-2022,32.0,28.2,0,6712,3381,916,0,703,1696,1596,100
48113011702,2013-2017,91.4,28.2,0,6018,4814,702,100,301,101,0,101
48113011702,2018-2022,79.8,34.8,1,5743,2581,397,19,928,1769,1700,69
48113011800,2013-2017,219.6,41.4,1,10173,7204,2504,16,302,129,129,0
48113011900,2013-2017,88.6,26.2,0,9902,6354,3189,14,343,2,0,2
48113012000,2013-2017,354.2,23.2,0,8433,5550,2669,0,94,60,0,60
48113012000,2018-2022,293.2,25.4,0,10373,3672,3367,105,749,2480,2471,9
48113012100,2013-2017,273.6,26.0,0,6327,3184,2732,143,226,0,0,0
48113012204,2013-2017,108.4,22.4,0,7091,4512,1528,0,136,909,110,799
48113012206,2013-2017,73.6,15.6,0,4968,2499,2108,27,284,43,0,43
48113012206,2018-2022,27.0,19.0,0,5607,1737,2573,80,288,896,775,121
48113012207,2013-2017,111.4,27.0,0,7587,3553,3489,173,215,100,0,100
48113012207,2018-2022,92.6,22.8,0,7224,1777,2860,228,376,1968,1913,55
48113012208,2013-2017,213.2,46.0,1,2853,1158,926,0,757,12,6,6
48113012208,2018-2022,192.2,37.4,1,2611,933,983,0,67,593,588,5
48113012209,2013-2017,15.0,25.0,0,3194,1893,677,76,487,55,0,55
48113012210,2013-2017,81.2,37.8,1,4096,1531,1964,32,502,67,0,67
48113012210,2018-2022,78.0,27.4,0,4197,1407,1841,70,87,782,645,137
48113012211,2013-2017,98.6,26.8,0,4363,1788,1789,14,680,92,6,86
48113012211,2018-2022,68.2,21.4,0,4435,1586,1518,208,122,1001,970,31
48113012301,2013-2017,25.0,25.0,0,4866,3488,446,0,866,66,49,17
48113012301,2018-2022,16.0,20.0,0,5073,2471,953,50,28,1571,1454,117
48113012302,2013-2017,437.4,44.6,1,8382,3377,2551,150,2099,205,35,170
48113012302,2018-2022,382.8,34.4,1,8814,3270,3530,85,315,1598,1428,170
48113012400,2013-2017,18.0,11.5,0,5627,4261,404,0,855,97,59,38
48113012500,2013-2017,20.333333333333332,19.333333333333332,0,8154,5691,406,142,1520,351,285,66
48113012601,2013-2017,27.0,24.0,0,6839,2472,1071,802,2331,163,24,139
48113012601,2018-2022,11.0,14.0,0,5872,1895,923,316,777,1892,1859,33
48113012604,2013-2017,63.8,24.4,0,7061,3999,1917,171,660,273,92,181
48113012604,2018-2022,41.4,23.2,0,6533,2700,2505,0,150,1158,1100,58
48113012701,2013-2017,30.2,28.0,0,6604,3542,411,193,2247,199,58,141
48113012701,2018-2022,46.0,30.333333333333332,1,5327,2709,276,218,575,1526,1489,37
48113012800,2013-2017,14.2,10.4,0,7481,6845,225,49,172,164,99,65
48113012900,2013-2017,18.0,8.0,0,4679,4042,435,46,67,72,0,72
48113013007,2013-2017,22.8,15.2,0,3900,2262,359,1109,41,129,0,129
48113013007,2018-2022,22.0,14.0,0,3095,1745,293,465,239,339,179,160
48113013008,2013-2017,16.5,15.5,0,3853,2675,631,409,12,126,47,79
48113013010,2013-2017,22.75,27.75,0,4972,2978,1370,88,372,159,66,93
48113013010,2018-2022,12.0,24.0,0,4926,1655,1595,126,768,721,639,82
48113013011,2013-2017,87.2,31.2,1,5224,3082,1134,141,653,177,10,167
48113013011,2018-2022,81.8,27.0,0,4301,841,1741,190,1077,416,358,58
48113013105,2013-2017,30.0,24.5,0,6714,4173,1720,246,316,249,26,223
48113013200,2013-2017,37.0,12.0,0,6561,5487,410,420,49,195,107,88
48113013609,2013-2017,16.2,16.6,0,4032,1878,335,15,1708,96,0,96
48113013609,2018-2022,11.6,19.6,0,3578,2249,94,101,902,225,217,8
48113013615,2013-2017,20.4,29.0,0,5779,1642,1534,59,2231,313,177,136
48113013621,2013-2017,13.0,12.2,0,4172,1886,728,195,1206,144,12,132
48113013623,2013-2017,18.5,22.5,0,6881,1681,1532,319,2997,352,93,259
48113013711,2013-2017,15.5,18.5,0,3594,2033,181,98,1236,46,46,0
48113013718,2013-2017,22.6,23.2,0,5246,4101,359,160,525,58,31,27
48113013718,2018-2022,17.2,11.8,0,4316,3073,388,107,156,535,422,113
48113013719,2013-2017,58.0,9.0,0,4228,1901,618,1568,15,126,21,105
48113013720,2013-2017,27.0,15.6,0,6284,4671,408,490,573,130,5,125
48113013720,2018-2022,13.25,11.75,0,5769,3699,458,445,281,886,780,106
48113013722,2013-2017,11.0,12.0,0,4164,2518,918,432,134,130,0,130
48113014103,2013-2017,18.666666666666668,29.0,0,3356,1237,1197,361,278,73,0,73
48113014113,2013-2017,14.0,13.0,0,5075,1429,2468,692,222,218,0,218
48113014114,2013-2017,19.8,20.2,0,3440,1065,934,832,464,136,36,100
48113014115,2013-2017,64.8,10.6,0,7796,3633,1576,1004,1315,268,52,216
48113014121,2013-2017,29.0,9.4,0,4844,3140,312,1141,81,170,0,170
48113014121,2018-2022,19.8,5.0,0,5092,2893,513,1340,147,146,123,23
48113014127,2013-2017,30.5,6.0,0,9734,2250,1176,5785,186,274,0,274
48113014130,2013-2017,61.8,6.2,0,4712,1822,697,1941,94,107,21,86
48113014130,2018-2022,73.4,6.4,0,4118,1184,511,2136,18,184,83,101
48113014131,2013-2017,66.6,10.4,0,4145,1946,750,1140,71,226,27,199
48113014132,2013-2017,236.8,17.6,0,2353,781,697,701,58,116,32,84
48113014132,2018-2022,217.2,16.4,0,2895,740,936,918,135,166,0,166
48113014204,2013-2017,26.666666666666668,38.333333333333336,1,2408,1542,201,295,271,90,5,85
48113014204,2018-2022,15.75,36.5,1,2800,1538,284,558,219,188,80,108
48113014306,2013-2017,20.8,18.4,0,5983,4232,251,274,1058,80,6,74
48113014306,2018-2022,13.0,20.0,0,6253,2843,143,166,2056,1031,934,97
48113014308,2013-2017,12.0,30.0,1,3766,2624,406,112,466,150,18,132
48113014309,2013-2017,52.0,34.8,1,5256,2439,904,604,959,240,118,122
48113014310,2013-2017,133.0,19.6,0,4613,2254,1315,466,444,123,28,95
48113014310,2018-2022,179.0,13.4,0,4760,1938,1645,462,302,413,287,126
48113014312,2013-2017,91.2,5.6,0,5470,2665,705,1589,355,120,13,107
48113014405,2013-2017,15.4,15.4,0,3795,2314,181,165,1101,34,0,34
48113014405,2018-2022,16.0,15.8,0,3529,1367,294,78,1499,259,241,18
48113014407,2013-2017,34.4,16.8,0,5368,2444,1232,313,1304,75,0,75
48113014407,2018-2022,16.25,14.0,0,4953,1310,1017,388,1704,525,389,136
48113014601,2013-2017,16.6,11.6,0,2490,1830,228,20,412,0,0,0
48113014601,2018-2022,28.8,17.4,0,2228,1333,144,13,306,397,254,143
48113014602,2013-2017,23.4,22.2,0,4566,3310,120,90,853,193,41,152
48113014602,2018-2022,20.2,21.4,0,4767,2296,76,205,1120,1033,1004,29
48113014701,2013-2017,13.0,28.0,0,4593,3735,96,205,456,101,87,14
48113014902,2013-2017,13.25,23.25,0,2710,1460,173,47,910,91,57,34
48113015000,2013-2017,17.0,24.0,0,7802,5019,316,301,2144,22,13,9
48113015100,2013-2017,29.2,16.6,0,6474,4636,332,260,840,270,100,170
48113015202,2013-2017,11.0,28.0,0,3954,3060,250,11,315,314,0,314
48113015204,2013-2017,14.0,19.333333333333332,0,7369,5414,300,446,831,266,136,130
48113015205,2013-2017,30.0,26.2,0,4307,3115,289,0,768,127,19,108
48113015205,2018-2022,20.2,27.4,0,3485,1390,156,0,1379,535,503,32
48113015305,2013-2017,36.2,13.0,0,4651,3153,444,102,880,67,9,58
48113015305,2018-2022,29.2,14.0,0,4292,2009,218,411,1349,305,271,34
48113015306,2013-2017,63.4,10.6,0,5205,3152,510,1058,285,194,94,100
48113015403,2013-2017,36.2,24.4,0,3398,2083,921,0,247,147,0,147
48113015403,2018-2022,19.8,22.8,0,3325,1276,1258,0,310,466,49,417
48113015404,2013-2017,121.6,33.6,1,4690,3405,1070,64,64,61,48,13
48113015404,2018-2022,87.8,30.4,1,4199,1751,732,0,1120,596,487,109
48113015500,2013-2017,33.6,27.4,0,3570,2667,507,67,259,66,0,66
48113015500,2018-2022,23.8,19.4,0,3811,1576,469,19,1465,282,282,0
48113015600,2013-2017,14.0,19.0,0,5742,4859,201,98,489,89,88,1
48113015900,2013-2017,120.0,23.0,0,3808,2801,608,92,241,66,47,19
48113015900,2018-2022,91.0,26.4,0,3380,1663,498,48,626,513,401,112
48113016001,2013-2017,25.0,23.4,0,4979,4163,303,0,412,28,0,28
48113016001,2018-2022,15.333333333333334,35.666666666666664,1,4044,1463,112,20,1917,417,384,33
48113016002,2013-2017,38.2,31.4,1,3087,2450,301,31,246,52,9,43
48113016002,2018-2022,33.6,29.4,0,3747,2182,112,0,955,498,451,47
48113016100,2013-2017,128.6,24.6,0,3385,2145,998,0,36,206,22,184
48113016100,2018-2022,81.4,11.8,0,3759,1082,1286,0,1047,336,265,71
48113016201,2013-2017,74.0,19.6,0,4503,3403,782,0,212,100,5,95
48113016201,2018-2022,56.4,8.8,0,4094,1695,512,63,856,968,890,78
48113016202,2013-2017,148.4,23.0,0,6451,5448,830,60,16,97,53,44
48113016301,2013-2017,24.6,15.4,0,7442,5228,893,425,808,52,47,5
48113016301,2018-2022,17.2,12.0,0,6717,2757,577,407,1647,1329,1278,51
48113016302,2013-2017,24.6,18.4,0,2084,1840,46,117,29,39,19,20
48113016302,2018-2022,11.0,21.0,0,1945,858,127,21,808,112,74,38
48113016401,2013-2017,66.6,7.2,0,10987,5733,3166,980,670,371,54,317
48113016406,2013-2017,95.6,21.2,0,5538,3996,859,297,242,144,45,99
48113016406,2018-2022,82.6,19.8,0,4592,1329,841,128,1373,921,771,150
48113016407,2013-2017,72.6,26.4,0,7820,5616,1237,115,693,159,33,126
48113016407,2018-2022,48.8,10.8,0,6871,2798,744,54,1719,1556,1139,417
48113016408,2013-2017,64.8,11.4,0,7836,4907,1455,334,1010,0,0,0
48113016410,2013-2017,16.4,9.2,0,4929,2807,1362,553,56,142,14,128
48113016410,2018-2022,17.8,14.2,0,4803,1870,1441,302,529,612,480,132
48113016411,2013-2017,70.4,8.4,0,9064,5632,2185,727,209,280,89,191
48113016413,2013-2017,13.6,6.8,0,6830,3205,2202,990,335,86,18,68
48113016502,2013-2017,52.0,18.0,0,6608,4454,1771,32,237,114,46,68
48113016509,2013-2017,64.2,10.6,0,6373,3481,2526,30,209,127,20,107
48113016510,2013-2017,146.4,10.8,0,13704,5318,6368,512,1204,231,104,127
48113016511,2013-2017,86.4,19.6,0,4632,1141,2988,85,294,97,79,18
48113016511,2018-2022,67.0,18.8,0,4805,1041,2900,10,549,305,99,206
48113016513,2013-2017,17.6,5.4,0,4889,2720,1846,58,133,120,31,89
48113016514,2013-2017,71.8,5.4,0,7064,2451,3834,494,184,101,0,101
48113016516,2013-2017,129.0,16.6,0,5644,3822,1569,32,142,73,32,41
48113016516,2018-2022,115.2,20.0,0,5591,2552,1195,250,1259,335,261,74
48113016517,2013-2017,97.8,14.6,0,4521,2234,1595,54,552,86,19,67
48113016517,2018-2022,72.2,16.8,0,5385,2209,2146,0,654,329,275,54
48113016518,2013-2017,157.4,16.8,0,5074,3311,1535,50,110,50,9,41
48113016518,2018-2022,153.8,14.2,0,6140,2078,2017,211,1411,423,304,119
48113016520,2013-2017,113.4,18.2,0,8725,4468,2996,627,526,18,0,18
48113016521,2013-2017,92.6,22.6,0,6413,2934,2770,274,259,168,31,137
48113016521,2018-2022,61.2,14.2,0,7341,2894,3074,167,357,774,391,383
48113016522,2013-2017,35.2,11.4,0,3241,1953,945,144,64,135,99,36
48113016522,2018-2022,35.2,16.8,0,5179,3158,1216,128,345,327,187,140
48113016605,2013-2017,656.8,40.6,1,8065,3241,4561,95,148,20,20,0
48113016606,2013-2017,112.8,11.0,0,7514,2067,4861,0,154,413,142,271
48113016607,2013-2017,162.8,29.8,0,3588,311,3011,69,41,138,39,99
48113016607,2018-2022,252.2,35.2,1,3593,122,3281,0,175,0,0,0
48113016610,2013-2017,135.2,20.6,0,4695,919,3637,31,58,37,37,0
48113016610,2018-2022,118.2,16.6,0,3904,350,3141,0,97,286,114,172
48113016611,2013-2017,62.2,13.2,0,6257,1855,4102,0,17,271,53,218
48113016612,2013-2017,65.2,2.4,0,13948,3074,10339,0,343,192,38,154
48113016615,2013-2017,76.0,11.4,0,4313,1296,2506,80,202,229,16,213
48113016615,2018-2022,80.6,7.2,0,4602,1175,2886,71,102,345,58,287
48113016616,2013-2017,108.2,11.6,0,6908,2639,3717,114,46,392,9,383
48113016616,2018-2022,95.2,12.2,0,5725,2175,2848,3,353,339,232,107
48113016617,2013-2017,12.0,2.5,0,4336,1158,2729,139,166,144,0,144
48113016618,2013-2017,29.6,15.2,0,4947,1393,3263,74,79,131,14,117
48113016618,2018-2022,28.6,7.2,0,4856,1168,2789,43,324,532,190,342
48113016619,2013-2017,127.2,13.8,0,3690,969,2665,0,22,2,0,2
48113016619,2018-2022,111.2,15.2,0,3416,588,2074,0,128,626,553,73
48113016620,2013-2017,43.2,11.0,0,5376,1468,3583,0,161,164,0,164
48113016620,2018-2022,44.4,16.4,0,5845,1639,3539,113,439,83,15,68
48113016621,2013-2017,56.2,19.2,0,5906,1852,3511,0,142,300,84,216
48113016621,2018-2022,49.6,20.2,0,6140,647,3429,13,1009,802,744,58
48113016622,2013-2017,82.6,9.0,0,4149,1544,2472,0,31,102,0,102
48113016622,2018-2022,90.4,19.4,0,4307,1009,2892,0,88,318,290,28
48113016623,2013-2017,86.6,11.2,0,6344,1790,3855,123,194,302,65,237
48113016623,2018-2022,66.0,9.4,0,7960,1582,5161,0,295,922,671,251
48113016624,2013-2017,78.4,4.4,0,3123,918,2005,54,102,35,0,35
48113016624,2018-2022,64.6,3.2,0,3501,415,2708,32,56,273,223,50
48113016625,2013-2017,69.2,7.8,0,10250,3001,6712,93,127,317,50,267
48113016626,2013-2017,146.6,25.0,0,5116,1676,3092,0,249,92,17,75
48113016626,2018-2022,102.0,18.4,0,4445,1467,2217,163,244,345,87,258
48113016701,2013-2017,124.2,23.0,0,6714,837,5653,0,54,170,66,104
48113016703,2013-2017,333.2,21.4,0,11220,3050,7553,40,117,389,119,270
48113016704,2013-2017,168.4,18.0,0,4500,1439,2844,52,88,77,0,77
48113016704,2018-2022,100.0,21.6,0,4152,929,2352,0,237,634,501,133
48113016705,2013-2017,197.0,16.6,0,7252,1600,5140,46,327,102,20,82
48113016802,2013-2017,16.333333333333332,7.666666666666667,0,3866,1883,1808,0,116,59,10,49
48113016803,2013-2017,79.2,15.0,0,5509,1761,3465,6,105,143,0,143
48113016803,2018-2022,48.0,20.6,0,5873,1587,3365,52,213,656,479,177
48113016804,2013-2017,109.6,7.4,0,8434,1023,6845,4,147,343,0,343
48113016902,2013-2017,14.25,23.25,0,6022,3498,2157,2,206,136,15,121
48113016902,2018-2022,180.75,33.0,1,6619,2257,2537,7,538,1090,890,200
48113017001,2013-2017,47.0,16.2,0,9746,7786,1076,51,422,331,47,284
48113017003,2013-2017,50.4,15.6,0,11920,10079,1054,71,716,0,0,0
48113017004,2013-2017,20.4,29.0,0,9555,7443,627,0,992,160,17,143
48113017101,2013-2017,40.4,20.4,0,5565,3680,1539,0,242,68,0,68
48113017101,2018-2022,25.8,16.4,0,6973,3017,805,154,495,2502,2346,156
48113017102,2013-2017,21.6,26.6,0,5322,3517,875,0,785,145,28,117
48113017102,2018-2022,13.6,20.8,0,6871,3298,1186,49,977,1361,1350,11
48113017201,2013-2017,84.0,32.2,1,5595,4472,970,0,113,35,8,27
48113017201,2018-2022,82.2,24.2,0,6065,2188,1212,20,301,2071,1975,96
48113017202,2013-2017,161.2,26.8,0,8315,5495,2237,152,305,115,9,106
48113017301,2013-2017,43.8,16.8,0,6110,4202,1348,0,442,118,0,118
48113017303,2013-2017,67.2,13.8,0,7325,4811,1888,102,286,169,0,169
48113017304,2013-2017,67.6,8.0,0,10353,6181,2632,744,314,482,162,320
48113017305,2013-2017,100.6,9.4,0,10286,4822,4591,54,495,324,23,301
48113017306,2013-2017,57.6,14.4,0,7681,4565,2768,84,93,117,91,26
48113017400,2013-2017,49.6,17.6,0,5738,4543,933,0,124,138,16,122
48113017400,2018-2022,32.2,25.6,0,5155,3359,758,26,724,288,150,138
48113017500,2013-2017,26.4,13.4,0,3527,2608,709,89,42,0,0,0
48113017500,2018-2022,26.2,8.8,0,3823,2150,614,61,166,824,450,374
48113017602,2013-2017,45.0,16.4,0,4253,3092,945,47,76,75,0,75
48113017602,2018-2022,25.0,22.2,0,4093,2266,748,0,265,814,788,26
48113017604,2013-2017,53.2,14.0,0,3301,2357,608,0,271,65,6,59
48113017604,2018-2022,29.8,20.0,0,3602,1498,495,30,525,1036,953,83
48113017605,2013-2017,48.4,29.0,0,3754,2514,1039,0,170,31,0,31
48113017605,2018-2022,21.0,25.8,0,3913,986,1535,0,431,961,929,32
48113017606,2013-2017,59.0,15.8,0,5264,3460,1410,157,151,86,46,40
48113017606,2018-2022,38.8,14.8,0,4855,2041,846,36,1059,615,475,140
48113017702,2013-2017,297.4,17.8,0,7658,3995,2689,426,59,489,23,466
48113017703,2013-2017,281.8,29.0,0,5225,3180,1579,212,87,120,101,19
48113017703,2018-2022,207.6,23.4,0,6067,2202,1390,0,654,1813,1490,323
48113017704,2013-2017,135.0,20.6,0,6350,4805,993,21,174,251,130,121
48113017704,2018-2022,92.2,27.4,0,6279,3055,1336,36,511,1341,711,630
48113017804,2013-2017,136.4,21.4,0,7212,4456,1884,0,411,401,54,347
48113017805,2013-2017,267.8,17.8,0,4884,3525,1173,51,18,83,63,20
48113017805,2018-2022,230.0,16.6,0,5910,2177,2467,0,321,610,249,361
48113017806,2013-2017,83.2,18.8,0,5071,3597,660,70,405,336,44,292
48113017806,2018-2022,34.0,13.6,0,4989,2265,367,0,913,1347,1261,86
48113017807,2013-2017,32.0,10.6,0,6065,4621,928,44,175,112,0,112
48113017808,2013-2017,15.25,7.25,0,4528,2813,1075,218,268,109,21,88
48113017808,2018-2022,30.4,9.6,0,4096,2444,386,275,421,561,382,179
48113017811,2013-2017,19.2,9.0,0,4002,2840,707,143,80,99,20,79
48113017811,2018-2022,16.6,8.2,0,5086,2899,819,399,189,762,683,79
48113017812,2013-2017,26.0,5.25,0,2363,1578,397,225,98,65,27,38
48113017813,2013-2017,58.4,12.4,0,6777,3702,2044,637,274,120,0,120
48113017814,2013-2017,18.2,5.4,0,5834,3419,1202,966,150,97,31,66
48113017814,2018-2022,13.0,4.0,0,4880,2187,1063,717,62,631,603,28
48113017900,2013-2017,46.6,22.6,0,5507,4048,934,37,381,99,29,70
48113017900,2018-2022,28.6,16.6,0,4957,2221,671,184,1134,710,676,34
48113018001,2013-2017,44.2,12.4,0,6231,4601,935,32,265,398,34,364
48113018001,2018-2022,54.8,13.4,0,7218,4404,832,64,1191,714,714,0
48113018002,2013-2017,25.4,20.8,0,3313,2441,418,122,186,94,39,55
48113018002,2018-2022,17.6,19.0,0,3688,1700,1062,65,331,516,458,58
48113018104,2013-2017,74.8,5.4,0,7293,5558,429,1053,47,141,35,106
48113018105,2013-2017,38.4,21.4,0,6255,3773,684,86,1352,240,50,190
48113018105,2018-2022,41.6,8.8,0,6033,2433,603,88,622,2225,2127,98
48113018111,2013-2017,185.4,17.0,0,6475,3507,1862,0,823,247,146,101
48113018111,2018-2022,137.8,22.6,0,6646,2484,1923,68,257,1914,1680,234
48113018118,2013-2017,42.4,8.6,0,7500,3183,1915,1742,530,104,35,69
48113018120,2013-2017,68.8,7.0,0,4852,2701,677,826,360,284,33,251
48113018120,2018-2022,21.2,6.4,0,5274,2085,1057,1007,154,971,890,81
48113018121,2013-2017,47.4,11.0,0,5481,3171,706,633,673,288,226,62
48113018121,2018-2022,57.6,9.0,0,5060,2168,635,400,605,1252,727,525
48113018122,2013-2017,18.8,5.6,0,15641,11069,1693,2029,333,517,35,482
48113018123,2013-2017,51.2,6.4,0,8375,5151,921,1231,706,230,24,206
48113018124,2013-2017,55.2,2.6,0,18048,11978,3205,1375,285,1127,281,846
48113018126,2013-2017,57.4,6.0,0,7323,4341,1202,271,1168,316,0,316
48113018126,2018-2022,54.0,6.2,0,6734,3829,1363,116,405,818,617,201
48113018127,2013-2017,13.75,10.25,0,3232,2035,372,116,604,101,0,101
48113018128,2013-2017,177.6,17.4,0,6435,3720,1516,266,644,242,42,200
48113018128,2018-2022,112.2,11.0,0,5172,1738,1719,116,776,685,430,255
48113018129,2013-2017,16.0,4.5,0,4467,2960,1033,198,227,49,32,17
48113018130,2013-2017,173.0,18.4,0,4287,2327,1630,18,76,198,21,177
48113018130,2018-2022,153.6,16.0,0,3862,1189,2186,12,297,178,88,90
48113018132,2013-2017,30.8,12.6,0,5091,3192,1207,291,148,251,14,237
48113018132,2018-2022,21.0,3.8,0,6268,2733,846,441,470,1764,1594,170
48113018133,2013-2017,17.8,6.2,0,3540,2330,804,88,195,93,34,59
48113018133,2018-2022,36.2,4.2,0,3820,2459,642,150,191,244,161,83
48113018134,2013-2017,29.4,5.2,0,5553,4313,918,87,26,209,51,158
48113018134,2018-2022,84.2,3.8,0,4931,2978,962,133,304,503,341,162
48113018135,2013-2017,49.4,7.8,0,3848,2329,1049,280,53,132,65,67
48113018135,2018-2022,82.6,10.6,0,4814,3804,362,173,37,410,176,234
48113018136,2013-2017,11.0,5.0,0,8156,6515,832,536,73,167,128,39
48113018137,2013-2017,21.6,5.2,0,3663,1892,665,933,72,93,22,71
48113018137,2018-2022,32.6,6.2,0,4837,2130,992,524,855,258,202,56
48113018138,2013-2017,86.0,14.4,0,5203,2039,1773,758,371,225,26,199
48113018138,2018-2022,80.6,17.4,0,5045,1688,1900,461,308,684,343,341
48113018139,2013-2017,49.2,10.6,0,8271,5778,1296,791,158,179,116,63
48113018140,2013-2017,22.0,7.2,0,5941,3881,1229,591,62,178,17,161
48113018140,2018-2022,52.0,4.0,0,6192,2820,1844,637,126,757,588,169
48113018141,2013-2017,155.4,22.6,0,3931,2757,836,70,135,109,14,95
48113018141,2018-2022,217.0,19.6,0,3072,1238,1065,0,215,549,347,202
48113018142,2013-2017,26.2,6.6,0,3390,1960,510,175,430,315,0,315
48113018142,2018-2022,27.4,10.0,0,4289,2032,807,572,223,643,455,188
48113018203,2013-2017,39.8,14.8,0,6771,3008,1794,489,1023,397,63,334
48113018203,2018-2022,26.2,2.8,0,6263,2498,1024,699,515,1446,1266,180
48113018204,2013-2017,14.8,29.6,0,5038,3164,664,84,900,226,33,193
48113018205,2013-2017,26.0,21.8,0,4555,2605,755,358,788,28,0,28
48113018205,2018-2022,11.0,14.0,0,4169,1437,253,653,546,1249,1223,26
48113018206,2013-2017,11.333333333333334,23.333333333333332,0,4913,3531,160,10,1053,150,105,45
48113018300,2013-2017,41.8,14.2,0,6251,4947,393,138,548,186,46,140
48113018300,2018-2022,16.75,20.5,0,7079,3691,120,56,1868,1344,1241,103
48113018401,2013-2017,20.2,27.8,0,5356,3219,417,29,1177,502,200,302
48113018401,2018-2022,14.2,24.2,0,4364,2203,471,0,628,1055,1055,0
48113018402,2013-2017,20.2,18.2,0,5289,4223,367,10,537,59,0,59
48113018402,2018-2022,13.0,15.0,0,4313,2586,135,48,562,938,862,76
48113018501,2013-2017,18.2,23.8,0,4422,2742,348,62,1172,98,0,98
48113018501,2018-2022,12.5,28.5,0,4830,2611,115,0,321,1736,1539,197
48113018503,2013-2017,135.4,35.8,1,6065,1581,4041,85,268,90,0,90
48113018505,2013-2017,98.6,27.8,0,4431,2240,1656,121,272,106,62,44
48113018505,2018-2022,44.8,30.6,1,3776,364,2317,302,213,558,484,74
48113018506,2013-2017,27.0,26.75,0,3763,1474,2047,40,124,73,9,64
48113018700,2013-2017,33.4,25.0,0,6871,4999,210,0,1469,193,0,193
48113018700,2018-2022,19.6,23.0,0,7107,3303,215,28,818,2682,2333,349
48113018801,2013-2017,26.8,20.2,0,5135,3823,308,357,515,122,46,76
48113018801,2018-2022,15.2,20.6,0,4574,2248,381,172,488,1239,1092,147
48113018802,2013-2017,57.333333333333336,39.0,1,1145,798,196,72,56,19,0,19
48113018802,2018-2022,67.75,16.5,0,1710,856,303,56,73,422,317,105
48113018900,2013-2017,44.8,18.2,0,6026,3254,773,959,732,308,113,195
48113018900,2018-2022,22.4,17.8,0,5803,2339,514,1334,347,1269,1115,154
48113019004,2013-2017,54.0,10.6,0,6958,4034,972,1315,564,47,17,30
48113019013,2013-2017,178.8,45.8,1,6165,2581,1008,650,1893,33,0,33
48113019013,2018-2022,94.4,35.8,1,5034,1997,799,119,628,1491,1393,98
48113019014,2013-2017,66.4,27.4,0,7565,4371,347,1249,1154,444,157,287
48113019016,2013-2017,18.2,34.8,1,3147,1376,909,552,49,252,15,237
48113019016,2018-2022,12.5,24.25,0,2600,1114,988,248,174,76,23,53
48113019018,2013-2017,95.8,19.4,0,5902,2734,1664,1050,22,404,20,384
48113019018,2018-2022,58.0,19.8,0,5025,1411,1747,1142,415,288,11,277
48113019019,2013-2017,81.0,30.0,1,6908,2143,3414,538,289,495,0,495
48113019019,2018-2022,44.4,32.2,1,7477,1892,3815,833,566,371,239,132
48113019020,2013-2017,13.25,6.75,0,4735,2230,442,1469,255,329,207,122
48113019020,2018-2022,12.8,13.8,0,7396,2857,1192,1030,292,2019,1575,444
48113019021,2013-2017,43.6,17.2,0,7158,4364,735,1163,504,363,0,363
48113019023,2013-2017,13.0,2.3333333333333335,0,4998,3018,470,1058,199,235,52,183
48113019023,2018-2022,13.0,1.0,0,5307,4110,408,526,13,250,210,40
48113019024,2013-2017,41.0,10.8,0,4492,2393,965,827,59,231,59,172
48113019024,2018-2022,44.8,8.2,0,3801,2263,392,820,184,142,113,29
48113019025,2013-2017,22.6,3.4,0,4720,2860,330,1055,114,348,39,309
48113019025,2018-2022,13.4,5.2,0,4369,2295,522,935,284,306,161,145
48113019026,2013-2017,44.0,12.0,0,5677,3621,680,908,371,76,68,8
48113019026,2018-2022,58.0,17.0,0,5550,3031,539,1002,64,789,501,288
48113019027,2013-2017,76.0,10.6,0,5444,2275,1147,1639,194,150,63,87
48113019027,2018-2022,58.2,12.0,0,7261,1908,1679,2224,23,1401,694,707
48113019028,2013-2017,33.2,10.2,0,3378,1615,579,772,254,67,0,67
48113019028,2018-2022,27.8,11.4,0,3733,1678,758,796,238,263,194,69
48113019029,2013-2017,68.8,17.2,0,6130,2851,996,1129,400,754,120,634
48113019029,2018-2022,52.8,12.0,0,5836,2602,404,1897,302,598,452,146
48113019031,2013-2017,16.4,3.8,0,5921,4187,488,610,89,547,39,508
48113019031,2018-2022,16.2,4.8,0,5192,3173,507,710,103,636,436,200
48113019032,2013-2017,19.5,23.5,0,4120,2050,317,481,849,331,123,208
48113019033,2013-2017,30.4,33.8,1,4649,2895,291,494,811,112,0,112
48113019033,2018-2022,17.0,25.6,0,4272,1750,516,558,313,1069,989,80
48113019034,2013-2017,110.6,21.4,0,4677,1345,2718,564,24,26,0,26
48113019034,2018-2022,52.6,20.2,0,4645,1475,1862,694,361,253,19,234
48113019035,2013-2017,47.0,30.2,1,6650,3192,2424,420,203,401,146,255
48113019035,2018-2022,28.5,36.75,1,6383,1425,2730,602,972,654,374,280
48113019037,2013-2017,13.0,8.0,0,3903,2425,600,601,38,217,17,200
48113019037,2018-2022,13.8,4.6,0,3117,2186,337,312,77,203,142,61
48113019039,2013-2017,37.6,15.0,0,6258,4704,524,653,0,377,0,377
48113019039,2018-2022,30.2,7.4,0,5895,3748,657,509,646,335,159,176
48113019040,2013-2017,93.8,8.4,0,6913,1633,2272,2118,124,737,39,698
48113019040,2018-2022,102.6,15.6,0,8018,2108,4031,1288,355,236,171,65
48113019041,2013-2017,16.0,4.8,0,3222,2060,416,468,235,38,38,0
48113019041,2018-2022,15.5,1.75,0,2370,1551,455,218,42,104,31,73
48113019042,2013-2017,11.5,4.0,0,4896,2790,569,1335,29,135,0,135
48113019042,2018-2022,11.75,3.5,0,7660,3251,2596,1184,86,522,273,249
48113019100,2013-2017,45.4,9.8,0,6222,3889,658,1472,100,103,16,87
48113019202,2013-2017,18.8,25.4,0,5515,3881,1031,297,180,117,0,117
48113019202,2018-2022,15.2,21.8,0,4976,2986,509,241,743,418,296,122
48113019204,2013-2017,17.8,14.2,0,9901,7202,1293,213,970,223,62,161
48113019206,2013-2017,11.666666666666666,38.333333333333336,1,6521,5097,246,822,207,149,0,149
48113019208,2013-2017,30.6,30.8,1,6809,1065,863,672,3722,487,199,288
48113019208,2018-2022,15.5,22.0,0,5764,1526,1264,198,1891,859,808,51
48113019211,2013-2017,17.0,10.6,0,5644,4537,580,393,26,98,0,98
48113019211,2018-2022,11.0,8.0,0,5777,3391,783,586,107,852,403,449
48113019213,2013-2017,244.0,49.6,1,3615,704,670,144,1912,185,82,103
48113019213,2018-2022,213.6,42.2,1,3464,837,835,57,1582,153,106,47
48113019900,2013-2017,13.0,33.0,1,4273,3536,35,22,669,0,0,0
48113020200,2013-2017,102.2,36.0,1,3850,789,2999,0,0,62,0,62
48113020200,2018-2022,59.2,34.4,1,4385,578,3219,0,369,137,137,0
48113020300,2013-2017,107.6,41.0,1,2290,397,1886,0,0,0,0,0
48113020300,2018-2022,112.0,33.6,1,2271,551,1650,13,0,57,57,0
48113020400,2013-2017,53.0,34.0,1,7504,4861,2130,147,244,95,0,95
48113020500,2013-2017,377.4,57.8,1,5672,1755,3347,306,155,109,83,26
48113020500,2018-2022,451.8,49.6,1,6148,1753,2906,455,59,975,203,772
48113020700,2013-2017,18.0,1.0,0,4455,3690,243,309,131,82,0,82
48201100000,2013-2017,57.25,19.25,0,4712,3339,780,231,199,134,43,91
48201210500,2013-2017,14.0,36.5,1,5649,4408,841,0,195,104,37,67
48201210500,2018-2022,14.2,24.0,0,4711,1570,416,18,1769,828,736,92
48201210800,2013-2017,16.2,42.8,1,2863,1798,937,9,76,43,0,43
48201210800,2018-2022,15.0,37.0,1,2106,129,955,0,636,386,371,15
48201210900,2013-2017,17.6,35.0,1,1251,162,985,0,87,17,0,17
48201210900,2018-2022,14.8,15.8,0,1676,77,1078,0,348,135,108,27
48201211000,2013-2017,15.8,30.0,1,2059,832,1110,0,113,4,0,4
48201211000,2018-2022,15.0,34.0,1,1813,196,1127,24,451,15,0,15
48201211100,2013-2017,37.2,49.4,1,5914,3292,2451,0,171,0,0,0
48201211200,2013-2017,28.2,46.4,1,2678,759,1862,0,56,1,0,1
48201211200,2018-2022,29.0,34.4,1,2207,167,1656,14,87,190,164,26
48201211300,2013-2017,94.2,49.0,1,5388,1524,3155,8,351,350,0,350
48201211400,2013-2017,29.0,37.0,1,3741,1398,2139,67,77,50,0,50
48201211400,2018-2022,20.8,37.4,1,4127,638,1464,209,1265,548,485,63
48201211600,2013-2017,50.0,32.0,1,2677,1857,593,0,188,39,0,39
48201211600,2018-2022,50.0,22.2,0,2945,597,428,0,1635,224,205,19
48201211700,2013-2017,44.6,38.8,1,3905,1471,2264,0,63,107,0,107
48201211700,2018-2022,37.8,32.6,1,3707,467,2247,93,663,237,212,25
48201212300,2018-2022,16.2,40.2,1,4554,1210,505,18,1955,866,866,0
48201212500,2013-2017,24.6,25.4,0,3551,1512,1944,10,52,24,0,24
48201212500,2018-2022,25.6,32.6,1,3517,789,2167,0,184,367,367,0
48201220400,2013-2017,35.8,35.6,1,4223,3706,238,7,235,31,0,31
48201220400,2018-2022,31.0,34.6,1,4895,2010,78,49,1284,1363,1348,15
48201220500,2013-2017,108.0,33.0,1,3701,2747,627,85,167,46,0,46
48201220500,2018-2022,94.8,44.0,1,3310,1097,507,8,1133,557,328,229
48201220600,2013-2017,17.6,28.4,0,3784,2865,527,0,299,63,35,28
48201220600,2018-2022,12.0,29.0,0,3137,998,672,28,710,729,729,0
48201220700,2013-2017,104.8,39.4,1,6128,4252,1489,0,378,9,9,0
48201220800,2013-2017,47.8,53.0,1,3368,1877,1353,0,115,9,0,9
48201220800,2018-2022,51.0,56.0,1,3897,1083,1794,111,307,602,579,23
48201220900,2013-2017,25.4,23.4,0,1795,1273,352,0,170,0,0,0
48201220900,2018-2022,15.0,27.0,0,1670,701,373,0,220,376,335,41
48201221000,2013-2017,77.6,35.8,1,4059,3337,322,0,391,9,0,9
48201221000,2018-2022,64.4,37.2,1,3827,2098,300,0,896,449,377,72
48201221400,2018-2022,21.333333333333332,26.0,0,6414,3739,357,19,1230,1069,997,72
48201221500,2013-2017,138.8,40.2,1,8840,6865,1121,0,704,150,0,150
48201222503,2013-2017,25.6,41.4,1,7646,7085,269,41,179,72,63,9
48201222600,2013-2017,119.4,52.0,1,5030,3761,824,174,182,83,35,48
48201222700,2013-2017,408.4,49.6,1,5670,1201,3994,105,328,42,15,27
48201222900,2013-2017,11.0,23.333333333333332,0,7948,6600,501,14,641,27,0,27
48201223002,2013-2017,12.5,43.0,1,4073,3600,325,24,79,16,0,16
48201230100,2013-2017,11.5,41.0,1,1280,376,903,0,1,0,0,0
48201230100,2018-2022,12.0,25.0,0,1380,121,926,1,239,93,93,0
48201230200,2013-2017,138.8,29.8,0,4709,415,3919,0,258,112,31,81
48201230200,2018-2022,190.2,23.2,0,4860,1221,3141,0,67,405,350,55
48201230300,2013-2017,15.4,43.2,1,2196,715,1317,15,40,103,0,103
48201230300,2018-2022,15.2,30.4,1,2126,335,1032,9,62,688,527,161
48201230400,2013-2017,35.0,28.6,0,3513,1350,1803,0,162,157,7,150
48201230400,2018-2022,39.4,29.8,0,3923,832,1145,50,31,1851,1830,21
48201230500,2018-2022,15.0,31.0,1,4078,2209,838,97,636,228,214,14
48201230600,2013-2017,20.2,33.6,1,2475,793,1608,0,71,3,3,0
48201230600,2018-2022,13.5,34.0,1,2983,535,1861,3,152,426,416,10
48201230700,2013-2017,121.8,35.8,1,2764,756,1779,0,182,47,13,34
48201230700,2018-2022,101.2,32.2,1,2727,136,1742,5,135,709,526,183
48201230800,2013-2017,14.6,17.6,0,2440,588,1618,0,201,33,0,33
48201230800,2018-2022,12.4,22.0,0,2136,289,1312,0,247,284,276,8
48201230900,2013-2017,56.8,33.8,1,3719,920,2722,0,59,18,0,18
48201230900,2018-2022,62.4,40.8,1,4473,434,2819,0,501,719,570,149
48201231000,2013-2017,23.4,21.8,0,4258,1544,2480,0,71,163,0,163
48201231000,2018-2022,15.8,15.8,0,5795,1462,2964,0,748,553,525,28
48201231100,2013-2017,63.2,27.4,0,5100,3115,1430,0,398,71,18,53
48201231100,2018-2022,87.8,25.0,0,5256,2133,1361,0,682,1024,987,37
48201231200,2013-2017,177.2,34.8,1,7588,1474,5752,0,349,13,0,13
48201231200,2018-2022,191.2,18.4,0,6230,1453,4148,0,207,378,356,22
48201231300,2013-2017,159.2,30.2,1,4306,752,3440,0,58,20,20,0
48201231300,2018-2022,158.2,32.4,1,4891,1097,2479,0,310,662,627,35
48201231400,2013-2017,28.8,15.2,0,2616,133,2298,0,185,0,0,0
48201231400,2018-2022,24.4,20.8,0,2973,159,2227,27,278,282,282,0
48201231500,2013-2017,41.8,28.8,0,2910,116,2760,0,4,3,0,3
48201231500,2018-2022,26.4,37.6,1,2866,349,2211,105,75,126,126,0
48201231600,2013-2017,28.8,15.6,0,2983,588,2314,0,70,11,0,11
48201231600,2018-2022,26.6,15.6,0,3377,731,2165,0,185,279,279,0
48201231800,2013-2017,12.0,27.0,0,2907,1681,908,0,277,0,0,0
48201231800,2018-2022,11.0,25.0,0,3132,881,859,0,173,1198,1184,14
48201231900,2013-2017,76.6,23.4,0,7756,2375,5231,0,150,0,0,0
48201231900,2018-2022,64.8,21.4,0,6511,1180,3204,0,181,1946,1946,0
48201232000,2013-2017,26.2,18.0,0,4648,2091,1755,7,760,0,0,0
48201232000,2018-2022,17.0,18.0,0,4707,955,1351,0,498,1738,1720,18
48201232100,2013-2017,38.2,31.4,1,3342,2137,818,0,380,7,0,7
48201232100,2018-2022,48.4,28.8,0,3918,1634,914,40,559,767,767,0
48201232301,2013-2017,71.8,29.2,0,10670,6763,3471,0,377,59,0,59
48201232302,2013-2017,58.8,14.2,0,11459,6258,3853,36,977,335,96,239
48201232402,2013-2017,114.6,20.4,0,4067,2434,1170,134,297,20,0,20
48201232402,2018-2022,129.8,14.4,0,4753,1384,937,55,504,1819,1674,145
48201232403,2013-2017,22.6,25.2,0,5221,3243,1390,27,523,9,0,9
48201232403,2018-2022,14.0,18.6,0,4184,1472,765,283,750,910,818,92
48201232500,2013-2017,90.4,18.4,0,4134,2774,943,0,417,0,0,0
48201232500,2018-2022,90.6,20.8,0,4210,1628,938,0,263,1347,1331,16
48201232701,2013-2017,55.0,29.8,0,8299,5293,2016,39,927,24,24,0
48201232701,2018-2022,21.75,30.25,1,7941,2211,1869,0,51,3801,3801,0
48201232702,2013-2017,79.2,32.4,1,6343,3631,1537,20,1092,50,0,50
48201232800,2013-2017,18.75,16.0,0,5977,3282,2094,74,253,245,158,87
48201232900,2013-2017,91.2,14.4,0,7192,3127,3020,319,398,328,167,161
48201233001,2013-2017,58.6,22.0,0,4118,2043,1826,0,182,49,6,43
48201233001,2018-2022,53.0,17.6,0,3860,1029,1243,0,107,1080,964,116
48201233400,2013-2017,46.8,27.2,0,2883,2384,341,0,91,29,8,21
48201233400,2018-2022,60.6,28.6,0,2662,1090,296,0,165,1111,1096,15
48201233600,2013-2017,12.0,37.0,1,2228,876,1195,20,94,43,0,43
48201233600,2018-2022,11.0,38.0,1,1953,457,868,0,110,507,397,110
48201240400,2013-2017,54.0,25.8,0,7761,4435,1960,137,1061,168,67,101
48201240400,2018-2022,50.2,26.6,0,7976,3158,2470,206,437,1659,1622,37
48201240501,2013-2017,76.6,32.4,1,5973,3316,1990,82,321,264,89,175
48201240502,2013-2017,15.25,42.5,1,5381,2496,2536,52,201,96,0,96
48201240701,2013-2017,212.0,10.6,0,14863,6126,5374,332,2742,237,130,107
48201240702,2013-2017,160.8,15.6,0,14545,5434,4741,747,3330,293,36,257
48201240801,2013-2017,11.0,35.0,1,6708,2737,2062,0,1689,220,148,72
48201240802,2013-2017,52.4,17.8,0,5872,2158,2666,138,749,161,63,98
48201240802,2018-2022,67.0,14.6,0,8783,3057,3767,20,475,1420,1101,319
48201240901,2013-2017,77.2,8.8,0,11226,5353,4614,140,927,102,13,89
48201240902,2013-2017,136.2,13.0,0,14136,6345,4934,817,1613,375,81,294
48201241000,2013-2017,45.2,10.0,0,8620,5803,1691,62,634,323,171,152
48201241101,2013-2017,18.4,10.6,0,4944,3376,964,139,265,200,14,186
48201241101,2018-2022,20.0,10.8,0,5197,2839,907,9,641,757,629,128
48201241102,2013-2017,74.4,14.4,0,12420,5943,4115,81,1801,189,105,84
48201241103,2013-2017,76.0,14.6,0,4300,2475,1291,28,429,69,40,29
48201241103,2018-2022,71.4,13.2,0,3957,2283,314,9,257,1094,999,95
48201241200,2013-2017,46.8,12.2,0,7276,4435,1756,148,702,217,145,72
48201241400,2013-2017,16.0,8.666666666666666,0,9559,7130,1335,322,418,354,136,218
48201241400,2018-2022,28.8,19.2,0,10239,6680,1426,131,194,1710,1202,508
48201241500,2013-2017,306.4,23.4,0,9113,2844,3523,72,2198,331,205,126
48201250100,2013-2017,25.8,11.6,0,8948,4700,2811,285,728,325,140,185
48201250200,2013-2017,90.4,17.8,0,11016,5211,4481,136,1007,181,67,114
48201250301,2013-2017,38.8,8.4,0,10138,4456,4555,393,542,123,52,71
48201250302,2013-2017,14.5,4.0,0,11512,6895,2996,524,906,191,34,157
48201250401,2013-2017,13.25,3.0,0,11933,8336,1928,402,837,294,52,242
48201250402,2013-2017,14.2,3.8,0,19763,15272,2608,326,513,653,197,456
48201250500,2013-2017,13.0,8.0,0,6047,4023,1279,268,233,224,56,168
48201250500,2018-2022,21.4,8.8,0,5862,3553,1266,64,254,692,432,260
48201250600,2013-2017,18.2,25.6,0,7642,4034,2164,134,1043,123,23,100
48201250701,2013-2017,17.0,12.4,0,5259,3989,909,0,341,11,0,11
48201250701,2018-2022,21.2,7.6,0,7584,3946,1134,294,560,1650,1483,167
48201250702,2018-2022,13.0,7.0,0,4110,2347,681,160,46,870,823,47
48201251700,2013-2017,20.666666666666668,8.666666666666666,0,8148,7624,218,13,137,120,0,120
48201251902,2013-2017,21.333333333333332,8.333333333333334,0,5590,4342,661,0,244,86,0,86
48201251902,2018-2022,22.6,4.6,0,7676,5194,440,109,436,1487,1084,403
48201252200,2013-2017,11.0,12.5,0,8294,5577,1207,496,560,170,1,169
48201252301,2013-2017,188.6,17.6,0,9744,5997,3062,16,534,135,84,51
48201252302,2013-2017,27.4,9.8,0,12844,8243,3161,154,826,333,200,133
48201252800,2013-2017,28.8,21.4,0,6715,3442,2029,136,983,125,0,125
48201252800,2018-2022,37.0,21.0,0,6525,2554,2128,0,346,1470,1211,259
48201253000,2013-2017,18.0,12.6,0,4203,2603,1262,14,206,118,97,21
48201253000,2018-2022,13.5,17.5,0,4915,2271,1535,0,131,978,786,192
48201253100,2013-2017,25.6,4.8,0,10613,7635,1784,792,198,204,0,204
48201253200,2013-2017,247.6,23.0,0,10388,8254,1512,0,226,387,0,387
48201253500,2013-2017,60.8,19.6,0,8535,4766,2352,413,817,184,47,137
48201253600,2013-2017,54.4,24.6,0,6190,4112,1098,530,307,0,0,0
48201253700,2013-2017,29.4,15.0,0,6261,4809,1051,123,60,90,0,90
48201253700,2018-2022,37.4,10.0,0,6173,2231,1394,235,1531,760,607,153
48201253800,2013-2017,26.6,21.4,0,8604,6719,1126,206,275,278,106,172
48201253800,2018-2022,26.2,12.6,0,8722,4171,994,51,1799,1650,1608,42
48201253900,2013-2017,30.4,17.4,0,4245,2998,361,61,640,180,20,160
48201253900,2018-2022,27.0,15.4,0,3808,2724,364,0,88,632,274,358
48201254000,2013-2017,49.6,19.2,0,4165,2620,933,83,387,132,0,132
48201254000,2018-2022,46.0,11.2,0,3305,2031,155,0,470,636,573,63
48201254100,2013-2017,43.4,22.2,0,5469,3526,882,0,821,220,65,155
48201254100,2018-2022,49.6,19.2,0,5669,3051,448,200,866,1104,979,125
48201254300,2013-2017,43.6,26.2,0,5274,3661,864,0,574,157,26,131
48201254300,2018-2022,21.4,23.6,0,5704,2358,715,105,890,1609,1459,150
48201254600,2013-2017,17.4,21.0,0,4053,2352,345,0,1100,256,16,240
48201254600,2018-2022,15.333333333333334,11.0,0,3492,2427,447,28,227,362,336,26
48201254700,2013-2017,17.0,8.2,0,2423,1744,330,43,229,77,38,39
48201254700,2018-2022,11.0,14.0,0,2257,1286,160,0,180,631,510,121
48201310100,2013-2017,31.4,42.8,1,5022,2466,1635,194,539,187,17,170
48201310200,2018-2022,65.0,6.5,0,2057,922,463,205,174,288,210,78
48201310300,2018-2022,143.5,19.0,0,4281,1797,330,50,1444,660,557,103
48201310500,2018-2022,28.0,26.0,0,3452,1411,88,41,1332,553,491,62
48201310800,2013-2017,27.6,30.4,1,2535,2445,54,1,35,0,0,0
48201310800,2018-2022,17.8,25.6,0,2996,841,161,46,1315,604,483,121
48201310900,2013-2017,24.8,34.0,1,5387,4596,115,75,551,50,10,40
48201310900,2018-2022,23.2,39.0,1,4911,996,310,0,2567,964,942,22
48201311200,2013-2017,42.5,33.75,1,5256,4938,120,10,179,0,0,0
48201311200,2018-2022,47.4,27.6,0,4250,1779,60,7,2153,251,231,20
48201311500,2013-2017,12.666666666666666,21.333333333333332,0,7538,5668,178,119,1352,185,112,73
48201311600,2013-2017,42.6,36.4,1,3785,2144,215,76,1318,32,20,12
48201311600,2018-2022,28.6,33.4,1,4312,696,226,21,2092,1277,1252,25
48201311700,2013-2017,57.4,31.6,1,5687,4802,536,45,231,15,0,15
48201312200,2013-2017,36.6,54.2,1,2182,209,1910,10,26,27,0,27
48201312200,2018-2022,42.0,40.4,1,1512,141,1292,49,0,27,27,0
48201312300,2013-2017,39.0,40.6,1,1807,469,1159,39,90,50,6,44
48201312300,2018-2022,37.8,33.6,1,2333,459,1563,153,85,73,73,0
48201312400,2013-2017,32.4,32.6,1,2300,340,1875,22,25,18,0,18
48201312400,2018-2022,35.4,40.6,1,1856,62,1699,77,0,18,18,0
48201312600,2013-2017,12.0,10.4,0,8013,5296,1034,1235,151,297,0,297
48201312700,2013-2017,27.6,22.2,0,2400,424,1896,33,14,33,11,22
48201312700,2018-2022,31.6,19.0,0,2198,393,1365,150,60,230,143,87
48201312800,2013-2017,25.4,64.6,1,2318,218,1915,137,29,19,0,19
48201312800,2018-2022,31.0,65.2,1,3291,518,2304,220,0,249,103,146
48201312900,2013-2017,64.2,31.2,1,3897,502,3006,253,50,86,32,54
48201313000,2013-2017,64.8,17.2,0,2644,491,2091,25,10,27,0,27
48201313000,2018-2022,36.6,21.0,0,3059,541,2397,9,70,42,42,0
48201313200,2013-2017,73.4,20.0,0,4358,667,3426,186,9,70,20,50
48201313300,2013-2017,25.2,25.4,0,2513,402,2016,11,11,51,15,36
48201313300,2018-2022,18.8,27.2,0,2250,384,1551,10,243,62,17,45
48201313400,2013-2017,56.6,25.8,0,3025,416,2392,11,182,24,0,24
48201313400,2018-2022,142.6,30.0,1,4158,206,3157,73,174,519,397,122
48201313500,2013-2017,62.4,37.2,1,2584,367,2164,15,3,35,0,35
48201313500,2018-2022,43.2,36.4,1,2331,424,1857,0,38,12,12,0
48201313600,2013-2017,120.2,42.8,1,4555,1267,3120,54,88,15,0,15
48201313600,2018-2022,125.8,42.4,1,4563,534,2544,40,303,1052,1031,21
48201313700,2013-2017,26.4,20.0,0,2103,94,1945,0,10,14,0,14
48201313700,2018-2022,32.2,16.4,0,2045,233,1748,20,0,18,18,0
48201313800,2013-2017,157.2,41.2,1,5059,555,4472,0,10,14,0,14
48201314300,2013-2017,163.6,27.2,0,4307,441,3445,350,30,41,0,41
48201320602,2013-2017,82.4,22.8,0,4872,3427,149,17,1279,0,0,0
48201320602,2018-2022,95.0,30.0,1,5047,1867,137,0,1333,1682,1632,50
48201321100,2013-2017,16.0,11.666666666666666,0,8219,5620,987,583,574,297,189,108
48201321200,2013-2017,76.0,40.2,1,3237,2511,365,12,256,20,20,0
48201321200,2018-2022,76.0,39.6,1,4883,1787,214,96,928,1730,1730,0
48201321500,2013-2017,19.4,40.0,1,2971,2157,78,33,588,86,29,57
48201321500,2018-2022,28.4,31.2,1,2601,1545,160,31,349,516,395,121
48201321600,2013-2017,19.0,16.8,0,6944,5923,115,51,596,241,82,159
48201321600,2018-2022,25.6,9.0,0,6739,3580,261,7,817,2060,1964,96
48201322000,2013-2017,24.8,40.0,1,5728,4749,149,0,561,145,0,145
48201322000,2018-2022,13.0,35.0,1,3969,2339,0,0,240,1390,1369,21
48201322100,2013-2017,13.666666666666666,29.333333333333332,0,4042,3820,34,0,155,33,9,24
48201322100,2018-2022,14.8,20.6,0,4158,2812,125,0,372,828,828,0
48201322200,2013-2017,15.2,19.4,0,1685,1434,2,0,158,32,7,25
48201322200,2018-2022,15.8,22.8,0,1582,860,12,13,255,388,388,0
48201322700,2013-2017,33.6,18.0,0,7959,7005,348,31,463,112,14,98
48201322900,2013-2017,21.6,20.0,0,4113,3602,0,26,478,7,0,7
48201322900,2018-2022,20.0,17.333333333333332,0,3605,2665,0,0,382,416,416,0
48201323000,2013-2017,68.6,41.0,1,6994,5479,119,0,1095,230,95,135
48201323000,2018-2022,63.2,32.4,1,7169,4513,47,1,593,2015,2009,6
48201323100,2013-2017,41.2,38.6,1,3826,3049,521,0,202,54,0,54
48201323100,2018-2022,39.2,27.8,0,4098,2432,363,0,293,956,896,60
48201323200,2013-2017,32.0,19.0,0,5523,4795,132,93,289,164,58,106
48201323200,2018-2022,14.333333333333334,16.666666666666668,0,6018,3018,107,30,727,2114,2090,24
48201323300,2013-2017,86.0,28.2,0,3743,3390,120,22,121,90,10,80
48201323300,2018-2022,47.4,28.6,0,3070,2079,176,0,407,408,398,10
48201323400,2013-2017,21.2,29.4,0,8083,6689,56,112,853,72,0,72
48201323500,2013-2017,191.0,36.6,1,6021,4784,655,0,163,269,0,269
48201323500,2018-2022,239.8,33.2,1,5524,3354,688,0,693,696,673,23
48201323600,2013-2017,134.8,11.8,0,7591,6319,170,345,432,280,35,245
48201323701,2013-2017,18.0,18.0,0,4411,3908,172,28,183,100,24,76
48201323801,2018-2022,12.0,7.0,0,3959,2554,0,19,434,940,829,111
48201323802,2013-2017,28.6,22.2,0,5370,4504,82,88,306,90,34,56
48201323802,2018-2022,18.2,22.4,0,4969,2640,435,0,395,1484,1468,16
48201323900,2013-2017,93.4,32.0,1,4154,3707,243,25,138,41,0,41
48201323900,2018-2022,84.8,27.4,0,3141,2152,169,12,316,492,368,124
48201324000,2018-2022,14.0,13.333333333333334,0,5720,3662,155,246,172,1411,1307,104
48201330100,2013-2017,72.6,26.6,0,10223,6248,2883,64,922,106,73,33
48201330200,2013-2017,67.6,29.2,0,3982,1785,1795,22,319,44,7,37
48201330200,2018-2022,44.6,18.4,0,4997,1552,1751,0,566,1128,1128,0
48201330301,2013-2017,22.0,11.4,0,8480,4520,2196,275,1179,291,99,192
48201330301,2018-2022,17.4,9.4,0,8579,2366,1529,290,2288,1364,1351,13
48201330302,2013-2017,77.8,18.2,0,6666,3382,2194,41,986,63,28,35
48201330302,2018-2022,70.2,15.4,0,5001,1427,1927,36,1142,457,457,0
48201330303,2013-2017,34.8,15.2,0,3971,1992,1760,32,129,34,10,24
48201330303,2018-2022,43.8,19.6,0,4588,1714,1998,0,325,429,302,127
48201330400,2013-2017,66.4,22.0,0,4793,2506,1966,0,203,118,47,71
48201330400,2018-2022,62.6,20.8,0,4836,1385,1617,0,537,1297,1297,0
48201330500,2013-2017,40.6,28.2,0,4739,2328,2129,118,109,55,8,47
48201330500,2018-2022,35.4,20.2,0,4913,1044,1626,101,1220,720,689,31
48201330600,2013-2017,63.2,19.8,0,7117,2933,3624,0,483,77,77,0
48201330600,2018-2022,53.0,23.6,0,6884,1643,3862,6,747,607,507,100
48201330700,2013-2017,85.6,23.8,0,9692,4978,2985,106,1496,127,61,66
48201330700,2018-2022,69.8,22.8,0,9562,3116,2738,61,1602,1936,1909,27
48201330800,2013-2017,184.6,12.4,0,12346,4400,6900,100,588,324,0,324
48201330900,2013-2017,47.4,18.6,0,11752,5462,5066,516,572,121,46,75
48201331100,2013-2017,149.8,31.2,1,4021,350,3374,0,277,0,0,0
48201331100,2018-2022,126.4,37.6,1,3470,619,2638,0,19,194,194,0
48201331200,2013-2017,182.0,33.4,1,3269,211,2959,50,0,49,25,24
48201331200,2018-2022,164.8,44.4,1,4744,511,3678,0,217,337,182,155
48201331300,2013-2017,98.6,26.8,0,5832,463,4998,12,341,18,0,18
48201331300,2018-2022,90.0,20.4,0,4062,579,3296,1,37,129,92,37
48201331400,2013-2017,179.4,64.0,1,2449,0,2088,56,0,218,0,218
48201331400,2018-2022,172.0,65.8,1,2953,18,2244,0,0,691,12,679
48201331500,2013-2017,121.0,16.0,0,9447,1274,7653,77,356,0,0,0
48201331601,2013-2017,116.4,19.4,0,7161,545,6310,125,128,53,19,34
48201331602,2013-2017,66.6,39.6,1,1825,513,1260,25,0,22,4,18
48201331602,2018-2022,79.4,28.0,0,3034,242,2419,127,42,204,129,75
48201331700,2013-2017,50.6,35.6,1,4022,537,3233,0,213,30,22,8
48201331700,2018-2022,50.2,24.8,0,4134,492,2829,45,344,370,319,51
48201331800,2013-2017,154.0,32.4,1,4751,729,3955,0,36,31,31,0
48201331800,2018-2022,102.6,37.0,1,3685,919,1917,32,68,746,683,63
48201331900,2013-2017,65.4,19.2,0,3250,449,2672,0,90,31,0,31
48201331900,2018-2022,53.0,19.6,0,3651,820,2621,0,27,183,183,0
48201332000,2013-2017,95.2,40.0,1,6037,903,4558,38,304,211,0,211
48201332000,2018-2022,95.0,39.0,1,5951,1097,4175,0,135,544,379,165
48201332100,2013-2017,13.8,36.4,1,3532,1698,1339,16,466,13,0,13
48201332100,2018-2022,12.0,30.0,1,3102,1494,844,0,362,282,282,0
48201332200,2013-2017,29.2,31.2,1,5332,1546,3194,0,457,135,106,29
48201332200,2018-2022,26.4,24.2,0,4616,1508,1389,0,383,1336,1315,21
48201332300,2013-2017,37.0,25.8,0,2929,513,2181,0,222,0,0,0
48201332300,2018-2022,36.4,24.4,0,2922,899,1565,0,126,332,281,51
48201332400,2013-2017,45.0,25.2,0,3792,364,3282,0,71,50,0,50
48201332400,2018-2022,48.8,17.4,0,4097,720,3078,0,52,247,64,183
48201332500,2013-2017,30.2,20.6,0,3043,1431,1426,0,90,89,47,42
48201332500,2018-2022,13.6,21.4,0,3659,1376,1549,11,435,284,226,58
48201332600,2013-2017,38.8,29.0,0,7629,4872,2349,32,133,243,58,185
48201332600,2018-2022,27.0,15.2,0,6737,2530,1646,14,1712,798,563,235
48201333100,2013-2017,28.2,33.0,1,4445,2135,440,1353,387,6,6,0
48201333100,2018-2022,19.6,20.2,0,3554,887,383,1185,480,611,594,17
48201333201,2013-2017,40.6,29.2,0,5320,2456,1117,134,1548,10,10,0
48201333201,2018-2022,27.6,22.8,0,5065,1793,1081,197,1407,363,322,41
48201333202,2013-2017,35.0,26.0,0,5860,2026,2763,30,1041,0,0,0
48201333300,2013-2017,79.8,28.4,0,11081,6947,1655,213,2253,13,0,13
48201333500,2013-2017,24.75,29.5,0,6270,3960,1064,0,1192,0,0,0
48201333800,2013-2017,25.0,24.2,0,10543,5504,1794,231,2815,129,129,0
48201333901,2013-2017,40.5,3.5,0,10193,4837,1992,1795,1234,335,35,300
48201333902,2013-2017,43.0,13.0,0,8826,5840,1572,366,734,314,39,275
48201334001,2013-2017,118.6,20.4,0,3770,1448,1527,241,532,22,0,22
48201334001,2018-2022,126.4,13.2,0,3413,1038,1211,445,288,169,51,118
48201334100,2013-2017,125.6,22.2,0,13137,4444,7225,632,443,327,30,297
48201340100,2013-2017,117.2,16.8,0,7023,3753,1675,1031,437,114,30,84
48201340900,2013-2017,11.0,25.0,0,4771,3109,708,645,72,205,23,182
48201341000,2013-2017,40.8,8.8,0,7242,4625,1255,709,181,453,56,397
48201341201,2013-2017,83.4,19.6,0,4077,2953,956,43,97,28,19,9
48201341201,2018-2022,89.6,29.2,0,4840,2001,1078,274,791,690,425,265
48201342300,2013-2017,59.4,16.0,0,7480,5905,434,101,349,371,130,241
48201342300,2018-2022,63.0,13.4,0,7954,5577,180,8,887,1302,969,333
48201342400,2013-2017,19.5,12.0,0,3545,2801,48,53,385,82,9,73
48201342400,2018-2022,33.666666666666664,7.333333333333333,0,3599,1836,24,0,253,1481,1372,109
48201342900,2013-2017,20.4,10.8,0,5843,5607,27,21,36,118,0,118
48201342900,2018-2022,25.4,16.8,0,7306,5725,296,27,378,827,513,314
48201343000,2013-2017,59.8,14.4,0,7230,5943,385,71,759,72,0,72
48201343000,2018-2022,97.6,17.2,0,7663,3747,807,325,725,1800,1247,553
48201343100,2013-2017,17.4,7.0,0,4805,4175,105,26,216,207,26,181
48201343200,2013-2017,11.0,2.5,0,5230,4355,138,0,316,421,107,314
48201343301,2013-2017,11.0,9.0,0,4926,4049,0,193,261,150,35,115
48201350100,2013-2017,27.8,8.2,0,16064,8375,2392,3730,465,1074,332,742
48201350200,2013-2017,14.75,6.5,0,8624,6048,978,583,619,286,95,191
48201350300,2013-2017,26.0,7.333333333333333,0,6709,4921,673,534,391,157,76,81
48201350400,2013-2017,80.8,18.4,0,6465,2891,1436,589,1276,208,17,191
48201350400,2018-2022,86.0,14.0,0,6682,2715,368,242,661,2696,2547,149
48201350500,2013-2017,12.0,16.0,0,8329,4005,1699,1092,1235,298,122,176
48201350601,2013-2017,15.4,2.6,0,4411,3419,497,250,33,103,26,77
48201350601,2018-2022,17.4,4.0,0,4329,2680,436,341,169,703,56,647
48201350801,2013-2017,11.0,19.0,0,5027,4081,474,80,72,279,0,279
48201410100,2013-2017,14.0,25.2,0,4170,2175,1139,440,278,124,29,95
48201410702,2013-2017,266.0,24.0,0,2675,1991,354,247,43,18,7,11
48201410800,2013-2017,11.5,20.5,0,4212,3606,59,152,229,159,18,141
48201410900,2018-2022,11.0,10.0,0,3238,2126,120,392,93,507,346,161
48201420100,2013-2017,125.6,32.2,1,3029,662,1188,391,717,9,0,9
48201420100,2018-2022,110.6,20.8,0,2776,789,870,254,421,442,395,47
48201420500,2013-2017,59.2,43.4,1,3863,2373,735,56,645,54,0,54
48201420500,2018-2022,27.2,35.8,1,3529,922,479,0,1108,934,629,305
48201421101,2013-2017,18.0,39.2,1,3172,2153,527,296,170,26,8,18
48201421101,2018-2022,28.4,25.4,0,2644,983,348,510,526,271,239,32
48201421403,2013-2017,16.2,35.8,1,3740,3203,355,80,54,0,0,0
48201421403,2018-2022,16.8,43.4,1,4793,1586,654,158,1721,581,581,0
48201421500,2013-2017,16.0,27.0,0,6725,4024,1359,878,136,328,20,308
48201422100,2013-2017,15.0,6.5,0,5528,3164,664,265,1287,136,0,136
48201422100,2018-2022,11.0,13.0,0,5443,2918,1050,71,493,908,722,186
48201422200,2013-2017,325.6,31.8,1,5106,1171,3213,11,583,128,89,39
48201422200,2018-2022,323.2,36.2,1,5732,584,3991,85,786,286,198,88
48201422301,2013-2017,189.4,44.2,1,8242,1476,3930,1113,1456,267,24,243
48201422302,2013-2017,34.8,13.6,0,1975,766,867,74,206,62,8,54
48201422302,2018-2022,26.4,9.6,0,1936,439,831,23,215,416,181,235
48201422401,2013-2017,108.0,27.4,0,3920,1187,1683,286,718,46,0,46
48201422500,2013-2017,20.4,33.8,1,7622,1982,2212,194,2978,109,28,81
48201422600,2013-2017,12.0,17.0,0,7708,6041,975,327,365,0,0,0
48201422701,2013-2017,13.0,29.0,0,5428,4784,251,120,121,95,12,83
48201422800,2013-2017,18.2,27.0,0,4653,3778,471,300,79,12,0,12
48201422900,2013-2017,16.5,35.5,1,4574,3356,896,177,97,41,7,34
48201423100,2013-2017,13.0,48.0,1,2720,2053,518,0,97,0,0,0
48201423100,2018-2022,11.666666666666666,37.0,1,2705,629,440,0,1018,548,541,7
48201423201,2013-2017,15.0,15.0,0,3222,1432,810,344,599,37,0,37
48201423202,2013-2017,56.8,34.8,1,8680,2372,3735,446,2030,97,32,65
48201423301,2013-2017,86.2,20.8,0,4771,1978,1808,320,504,136,0,136
48201423301,2018-2022,58.4,14.2,0,4738,1546,2172,275,457,216,195,21
48201423302,2013-2017,182.6,20.8,0,5099,1715,2736,119,518,11,11,0
48201423401,2013-2017,71.0,16.0,0,6076,1764,3316,283,691,0,0,0
48201423401,2018-2022,51.2,15.4,0,5196,1183,2769,313,908,3,3,0
48201423402,2013-2017,38.8,6.4,0,4576,360,2662,767,545,242,70,172
48201423402,2018-2022,24.6,16.2,0,4587,556,2132,799,435,555,545,10
48201423600,2013-2017,68.8,16.6,0,7113,2107,3542,511,952,1,0,1
48201423600,2018-2022,47.2,10.6,0,6950,2270,3687,177,366,450,375,75
48201432001,2013-2017,13.5,14.0,0,3892,2648,463,502,179,100,12,88
48201432002,2013-2017,23.666666666666668,34.0,1,4641,3405,597,194,310,114,10,104
48201432400,2013-2017,59.2,23.0,0,5931,2611,2032,596,165,527,36,491
48201432500,2013-2017,30.6,34.0,1,5737,3130,1092,363,949,203,103,100
48201432600,2013-2017,22.2,12.0,0,2114,1580,328,49,58,96,0,96
48201432600,2018-2022,17.8,14.8,0,2062,1442,380,58,24,158,100,58
48201432701,2013-2017,39.2,49.0,1,7084,5065,143,0,1753,0,0,0
48201432801,2013-2017,18.666666666666668,30.333333333333332,1,5273,2211,1384,496,1128,54,9,45
48201432802,2013-2017,31.2,37.8,1,5882,3619,1031,637,550,15,0,15
48201432901,2013-2017,12.0,18.666666666666668,0,3116,1789,378,89,860,0,0,0
48201433001,2013-2017,56.2,46.2,1,5890,2598,285,1232,1713,10,0,10
48201433003,2013-2017,67.0,47.2,1,5881,1965,665,2310,941,0,0,0
48201433003,2018-2022,38.4,43.8,1,5634,557,606,768,1985,1718,1537,181
48201433100,2013-2017,21.6,37.6,1,3868,1913,931,126,856,42,0,42
48201433100,2018-2022,15.5,32.25,1,3307,383,462,115,1762,585,532,53
48201433201,2013-2017,12.333333333333334,23.333333333333332,0,5185,1995,1036,1483,595,76,0,76
48201433202,2013-2017,17.2,24.4,0,5019,1969,667,1087,1209,77,0,77
48201433300,2013-2017,16.75,16.75,0,5199,3605,242,1070,259,23,0,23
48201433400,2013-2017,11.5,23.5,0,4735,2478,756,373,1070,58,15,43
48201433400,2018-2022,13.333333333333334,31.333333333333332,1,4462,1038,311,267,1464,1364,1253,111
48201433501,2013-2017,140.4,56.8,1,5229,3142,719,11,1243,97,0,97
48201433502,2013-2017,86.4,51.2,1,7834,4151,1590,433,1520,140,4,136
48201433600,2013-2017,81.4,48.6,1,5956,2393,2133,242,1188,0,0,0
48201451002,2013-2017,18.2,19.2,0,5685,2708,2447,284,184,62,3,59
48201451700,2013-2017,34.333333333333336,8.666666666666666,0,3917,1645,1485,465,192,69,39,30
48201451700,2018-2022,30.4,19.8,0,4429,1249,2139,333,171,537,238,299
48201451800,2013-2017,17.666666666666668,12.333333333333334,0,5725,1999,2128,642,780,139,0,139
48201451901,2013-2017,66.6,16.4,0,7469,2533,3849,748,141,198,4,194
48201452000,2013-2017,78.8,17.0,0,9312,4467,3329,1036,323,157,0,157
48201452100,2013-2017,12.0,12.0,0,10886,5433,3359,1661,244,121,0,121
48201452201,2013-2017,19.8,18.0,0,5530,2086,2576,565,192,36,36,0
48201452202,2013-2017,18.6,18.2,0,2922,690,1431,360,441,0,0,0
48201452202,2018-2022,17.2,23.6,0,3557,884,1876,212,193,336,304,32
48201452300,2013-2017,12.0,2.0,0,2736,976,497,601,636,26,0,26
48201452400,2013-2017,34.2,16.6,0,7882,3578,721,2203,1259,121,0,121
48201452500,2013-2017,122.6,34.4,1,8697,2818,2048,2561,1247,10,10,0
48201452600,2013-2017,79.0,30.0,1,9280,1568,3883,2418,1163,211,0,211
48201452700,2013-2017,125.4,13.8,0,12955,3156,3749,4835,767,380,18,362
48201452801,2013-2017,37.0,19.6,0,5739,1579,1937,1746,349,36,22,14
48201452801,2018-2022,25.8,18.8,0,5614,1025,1478,1647,865,540,483,57
48201452802,2013-2017,75.0,29.6,0,6720,2372,1495,1501,1304,20,0,20
48201452802,2018-2022,40.2,25.4,0,6886,1074,2255,1392,879,1116,994,122
48201452900,2013-2017,23.6,28.6,0,4514,1702,376,888,1510,38,38,0
48201452900,2018-2022,14.5,27.0,0,4832,1495,314,958,1295,543,543,0
48201453000,2013-2017,23.4,18.8,0,9552,4200,932,1885,2445,90,0,90
48201453100,2013-2017,29.6,34.8,1,4564,2017,1081,407,921,138,10,128
48201453100,2018-2022,44.4,28.4,0,4081,808,1209,498,626,823,798,25
48201453200,2013-2017,74.0,35.2,1,8761,3328,2167,1135,2055,65,62,3
48201453300,2013-2017,107.6,36.2,1,2753,866,1499,0,320,68,44,24
48201453300,2018-2022,67.2,49.4,1,4855,374,2748,563,1054,83,83,0
48201453401,2013-2017,22.6,17.2,0,3285,1561,710,264,706,44,0,44
48201453401,2018-2022,25.0,16.8,0,2655,865,514,216,550,510,494,16
48201453402,2013-2017,88.0,26.6,0,8119,3032,1757,1533,1579,156,60,96
48201453403,2013-2017,65.8,39.8,1,4581,1442,2056,534,518,17,8,9
48201453403,2018-2022,28.0,34.8,1,4096,853,1436,633,833,294,206,88
48201453501,2013-2017,24.4,19.2,0,6700,2442,1731,1537,743,247,156,91
48201453501,2018-2022,21.4,15.4,0,6336,2524,1823,748,1069,137,75,62
48201453502,2013-2017,17.0,6.6,0,3772,2257,707,359,377,39,21,18
48201453502,2018-2022,11.0,15.5,0,3592,1437,629,317,990,176,161,15
48201453601,2013-2017,12.5,17.0,0,2270,703,582,386,474,0,0,0
48201453601,2018-2022,16.0,25.0,0,1763,354,333,505,479,92,92,0
48201453602,2013-2017,155.4,28.0,0,8400,2736,2751,1580,1148,122,100,22
48201453700,2013-2017,85.6,20.4,0,9223,2195,3665,912,2451,0,0,0
48201453800,2013-2017,15.0,7.0,0,4312,1769,802,530,1124,67,0,67
48201453900,2013-2017,57.0,19.0,0,10814,2626,2592,4950,476,121,0,121
48201454000,2013-2017,19.4,11.8,0,5426,2090,1226,1469,428,213,62,151
48201454000,2018-2022,15.0,12.666666666666666,0,4529,1207,983,1486,374,469,426,43
48201454200,2013-2017,12.75,10.75,0,4924,2781,1742,202,174,0,0,0
48201454200,2018-2022,11.0,9.0,0,4413,2048,919,237,819,390,189,201
48201454301,2013-2017,215.2,16.4,0,12142,3933,5738,1525,277,665,194,471
48201454302,2013-2017,42.6,8.6,0,6749,3609,1844,563,346,228,25,203
48201454302,2018-2022,44.6,9.6,0,6064,1976,1608,710,577,1192,974,218
48201455300,2013-2017,49.4,6.2,0,7102,4930,971,877,193,131,17,114
48201455300,2018-2022,37.6,6.8,0,14668,6047,1480,3055,1777,2170,1408,762
48201510200,2013-2017,41.2,12.6,0,6244,4495,176,542,818,213,61,152
48201520100,2018-2022,13.0,6.0,0,2719,1557,84,289,473,267,203,64
48201520400,2013-2017,84.6,41.6,1,3277,1452,57,26,1624,118,48,70
48201520400,2018-2022,117.0,26.0,0,3792,1314,283,67,1549,495,474,21
48201520500,2013-2017,13.333333333333334,34.666666666666664,1,9496,4686,428,0,4034,222,0,222
48201521000,2013-2017,14.75,36.0,1,2426,1210,157,97,897,41,20,21
48201521000,2018-2022,20.6,41.4,1,2293,757,165,74,1139,158,156,2
48201521200,2013-2017,20.6,27.6,0,6275,1978,485,31,3264,476,202,274
48201521300,2013-2017,15.0,24.5,0,6065,2841,231,467,2457,63,0,63
48201521700,2013-2017,92.6,33.8,1,6826,3549,1640,116,958,83,40,43
48201522301,2018-2022,12.0,17.5,0,4084,1737,570,163,1248,330,254,76
48201530100,2013-2017,20.75,31.75,1,6003,3065,664,18,2077,151,80,71
48201530300,2013-2017,28.8,33.8,1,2373,902,1304,0,161,6,0,6
48201530300,2018-2022,17.333333333333332,35.0,1,2605,1015,1033,15,78,367,302,65
48201530400,2018-2022,50.0,29.8,0,3330,939,1000,18,970,403,403,0
48201530500,2013-2017,19.4,33.4,1,5188,3022,1633,0,493,32,7,25
48201530600,2013-2017,12.0,39.0,1,3957,2462,702,24,722,38,28,10
48201530700,2013-2017,153.0,43.4,1,5764,3982,1656,0,21,85,0,85
48201530800,2013-2017,23.2,23.6,0,4006,1003,2844,0,158,1,0,1
48201530800,2018-2022,16.5,14.75,0,4133,565,2536,1,452,393,385,8
48201530900,2013-2017,22.2,11.6,0,4434,3596,315,78,368,68,12,56
48201530900,2018-2022,15.666666666666666,15.0,0,4464,3121,168,40,485,650,510,140
48201531500,2013-2017,11.75,7.0,0,2853,2078,265,147,341,22,15,7
48201531500,2018-2022,11.666666666666666,6.333333333333333,0,2638,1778,98,57,93,602,542,60
48201531800,2013-2017,75.2,24.4,0,2342,661,1335,50,253,43,8,35
48201531800,2018-2022,80.0,35.6,1,3122,717,2032,22,240,111,111,0
48201531900,2013-2017,152.2,30.6,1,4715,1456,3137,18,45,59,33,26
48201531900,2018-2022,116.4,25.2,0,5624,1929,2944,71,219,461,355,106
48201532001,2013-2017,167.0,41.6,1,6152,3306,2425,63,262,96,0,96
48201532100,2013-2017,36.4,38.6,1,6445,3431,1344,200,1390,80,42,38
48201532200,2013-2017,14.0,31.5,1,4027,1894,1080,13,1012,28,0,28
48201532200,2018-2022,49.8,37.0,1,3794,886,1093,89,488,1232,1193,39
48201532502,2018-2022,14.0,16.666666666666668,0,5540,2581,161,94,1103,1486,1343,143
48201532600,2013-2017,30.0,22.0,0,6471,3784,1288,637,645,117,117,0
48201532600,2018-2022,17.4,20.0,0,7030,1728,2341,445,2067,377,306,71
48201532700,2013-2017,98.6,22.2,0,4822,2360,1887,9,399,167,9,158
48201532700,2018-2022,127.4,20.4,0,5685,1830,2396,28,627,689,625,64
48201532800,2013-2017,13.0,19.0,0,1648,1036,252,118,154,88,26,62
48201532800,2018-2022,15.0,20.5,0,2120,790,727,116,266,221,153,68
48201532900,2013-2017,42.4,15.6,0,6554,2984,2386,524,572,26,0,26
48201532900,2018-2022,52.6,19.6,0,4722,1007,1680,191,776,1068,1025,43
48201533000,2013-2017,43.8,38.2,1,2486,615,1618,0,240,13,0,13
48201533000,2018-2022,35.6,24.8,0,2450,112,1826,80,113,319,276,43
48201533100,2013-2017,71.8,23.2,0,7628,2264,4610,335,355,64,0,64
48201533100,2018-2022,40.4,21.2,0,6308,772,3452,188,1126,770,770,0
48201533200,2013-2017,117.6,23.6,0,3866,1269,2267,60,78,192,0,192
48201533200,2018-2022,89.8,24.0,0,4498,1424,1611,51,800,612,479,133
48201533300,2013-2017,98.0,40.8,1,6395,897,5088,0,124,273,0,273
48201533400,2013-2017,78.6,23.2,0,12357,6201,4614,303,1193,46,0,46
48201533600,2013-2017,120.6,25.0,0,5797,3337,1534,235,611,71,9,62
48201533600,2018-2022,100.2,33.2,1,5179,2251,1205,194,1045,484,467,17
48201533701,2013-2017,56.6,29.4,0,5869,4460,743,223,384,1,1,0
48201533701,2018-2022,31.4,36.4,1,6682,2503,881,12,1096,2190,2162,28
48201533702,2013-2017,18.8,21.2,0,3806,2583,660,60,410,20,16,4
48201533801,2013-2017,63.0,26.0,0,10332,6648,2061,1056,494,10,10,0
48201533802,2013-2017,17.2,33.6,1,7022,4677,942,607,533,182,104,78
48201533802,2018-2022,14.666666666666666,23.333333333333332,0,7944,3019,944,780,1911,1262,1260,2
48201533901,2013-2017,71.4,22.0,0,9939,5587,2827,524,651,282,146,136
48201533902,2013-2017,245.8,35.8,1,4912,2625,1682,184,421,0,0,0
48201533902,2018-2022,276.0,36.0,1,5161,1562,1107,56,902,1429,1124,305
48201534002,2013-2017,39.0,17.6,0,6375,4600,542,640,486,97,70,27
48201534002,2018-2022,14.0,12.0,0,5268,1728,888,191,1696,748,732,16
48201534003,2013-2017,29.0,18.6,0,2817,1336,855,271,268,54,0,54
48201534003,2018-2022,17.2,20.6,0,2421,954,435,280,282,461,448,13
48201534100,2013-2017,20.4,19.4,0,8859,4733,866,1724,1143,240,164,76
48201534202,2013-2017,33.2,3.6,0,9150,6471,1042,875,619,143,36,107
48201540502,2018-2022,32.8,7.0,0,4682,2218,597,97,1002,657,582,75
48201540601,2018-2022,18.0,8.5,0,4042,2152,393,387,474,540,458,82
48201540602,2013-2017,39.4,16.2,0,7387,4691,866,439,835,556,481,75
48201540602,2018-2022,70.0,10.0,0,7731,1839,1025,831,1431,2605,2593,12
48201540700,2018-2022,15.0,7.8,0,5145,2702,373,595,1193,251,159,92
48201540800,2013-2017,15.0,14.0,0,7671,4781,907,614,1110,135,0,135
48201540800,2018-2022,15.4,14.0,0,6461,2072,899,360,764,2295,2222,73
48201541202,2013-2017,11.0,17.0,0,9064,6737,917,462,370,509,148,361
48201541300,2013-2017,44.6,16.4,0,12533,6406,2132,970,2887,109,30,79
48201541400,2013-2017,33.2,10.8,0,16454,7267,3419,3745,1484,539,297,242
48201541500,2013-2017,17.5,10.5,0,5081,2463,612,1282,310,366,180,186
48201541500,2018-2022,29.6,12.8,0,5744,2769,722,555,747,788,452,336
48201541602,2013-2017,15.666666666666666,16.666666666666668,0,10205,6300,711,330,2190,514,126,388
48201541700,2013-2017,12.0,10.5,0,10937,6079,3326,846,382,260,92,168
48201542000,2013-2017,21.6,6.2,0,15792,10873,2263,1283,669,572,44,528
48201542101,2013-2017,87.8,14.6,0,21735,11337,6213,1395,2511,238,142,96
48201542102,2013-2017,77.8,15.0,0,17154,9432,4836,769,1561,513,46,467
48201542200,2013-2017,62.2,10.6,0,22943,12845,5878,1468,2053,699,50,649
48201542301,2013-2017,19.0,9.8,0,14462,8536,1910,869,2103,791,250,541
48201542302,2013-2017,18.4,6.4,0,8425,5217,1961,636,351,205,156,49
48201542302,2018-2022,25.2,6.6,0,7531,3444,1601,407,759,1320,1071,249
48201542400,2013-2017,65.4,14.8,0,12086,8513,1417,689,1046,395,174,221
48201542600,2018-2022,26.0,3.0,0,7370,3221,864,776,560,1920,1481,439
48201542800,2013-2017,12.0,7.0,0,8045,6964,158,218,686,19,0,19
48201542800,2018-2022,16.6,3.0,0,8449,4885,1113,204,1227,724,480,244
48201542900,2013-2017,16.0,7.8,0,17540,11035,2690,863,1497,1119,350,769
48201543001,2013-2017,20.8,4.8,0,14007,8787,2690,1780,371,182,55,127
48201543003,2013-2017,114.8,10.0,0,21758,13024,4699,1957,1416,543,80,463
48201543200,2013-2017,21.0,18.4,0,7606,5115,438,1112,719,185,95,90
48201550100,2013-2017,146.0,45.0,1,5400,2094,2866,4,320,116,27,89
48201550200,2013-2017,79.8,42.0,1,4129,1389,2541,0,184,15,0,15
48201550301,2013-2017,369.6,25.8,0,7750,2537,4197,0,762,254,171,83
48201550302,2013-2017,224.2,25.4,0,11230,3246,6059,305,1313,307,0,307
48201550401,2013-2017,277.2,28.2,0,14440,5994,5204,662,2101,479,245,234
48201550402,2013-2017,140.2,17.6,0,11168,1742,7474,861,941,111,27,84
48201550500,2013-2017,41.0,18.2,0,6326,2478,2383,749,523,193,10,183
48201550500,2018-2022,36.0,11.4,0,7011,2479,1623,961,696,1146,713,433
48201550601,2013-2017,66.0,16.4,0,7212,2862,2873,281,924,127,42,85
48201550601,2018-2022,31.8,10.0,0,7513,2683,2499,185,323,1823,1716,107
48201550602,2013-2017,27.0,18.0,0,3171,1415,1260,275,206,0,0,0
48201550602,2018-2022,15.333333333333334,13.333333333333334,0,2711,974,725,195,475,332,239,93
48201550603,2013-2017,36.6,23.0,0,5933,3063,1684,230,599,253,169,84
48201550603,2018-2022,19.4,21.6,0,5475,2851,789,415,690,709,683,26
48201550700,2013-2017,21.2,14.6,0,3501,1185,1419,456,298,83,24,59
48201550700,2018-2022,19.8,14.2,0,5048,1172,1078,391,1716,656,546,110
48201550800,2013-2017,146.0,22.6,0,3530,1205,1812,152,238,123,46,77
48201550800,2018-2022,114.0,19.2,0,3679,763,1754,120,338,704,614,90
48201550900,2013-2017,76.0,17.8,0,8834,4306,2035,1495,898,71,40,31
48201551000,2013-2017,19.8,19.0,0,3773,2264,829,335,240,105,14,91
48201551000,2018-2022,13.75,23.75,0,3652,1107,938,206,550,818,818,0
48201551100,2013-2017,46.8,26.4,0,10710,3757,3715,1827,1354,57,3,54
48201551300,2013-2017,35.4,4.2,0,4062,1851,1103,947,105,56,0,56
48201551300,2018-2022,41.4,6.2,0,3945,1058,792,1394,260,441,222,219
48201551500,2013-2017,187.2,9.4,0,8791,4045,2814,1333,357,172,0,172
48201551600,2013-2017,13.4,11.4,0,9317,6072,1127,1188,693,237,39,198
48201551701,2013-2017,11.0,7.0,0,9148,6262,1062,1004,599,221,68,153
48201551900,2013-2017,167.4,16.0,0,5819,2981,2482,69,78,209,35,174
48201552001,2013-2017,23.4,14.0,0,9037,5338,1851,1268,438,98,0,98
48201552102,2013-2017,13.6,2.2,0,6469,4720,505,903,341,0,0,0
48201552102,2018-2022,16.0,1.0,0,5676,3626,811,628,80,531,525,6
48201552103,2013-2017,16.25,13.5,0,3388,2643,455,109,12,18,0,18
48201552103,2018-2022,14.4,5.0,0,3617,1352,1183,206,335,489,430,59
48201552200,2013-2017,81.8,16.2,0,7225,4929,1130,770,234,162,96,66
48201552200,2018-2022,116.8,13.0,0,8189,4089,1189,1345,624,848,828,20
48201552301,2013-2017,14.2,2.8,0,4141,3533,395,148,17,8,0,8
48201552301,2018-2022,18.8,4.8,0,4402,3183,508,98,226,352,318,34
48201552400,2013-2017,97.2,11.4,0,7736,4689,1709,559,305,448,157,291
48201552500,2013-2017,13.5,8.0,0,11396,7933,1210,1266,536,434,202,232
48201552601,2013-2017,184.2,23.0,0,6042,2678,2464,576,258,48,0,48
48201552800,2013-2017,19.666666666666668,8.333333333333334,0,9256,6796,1751,467,96,146,31,115
48201552900,2013-2017,45.0,10.0,0,8311,4938,2072,396,56,622,84,538
48201553002,2013-2017,22.8,15.2,0,4754,2254,1019,863,584,34,0,34
48201553002,2018-2022,30.6,10.2,0,4712,2512,651,550,592,407,210,197
48201553100,2013-2017,15.0,9.6,0,5785,2836,1614,157,892,286,57,229
48201553200,2013-2017,25.75,20.75,0,6665,3313,2329,362,538,123,38,85
48201553300,2013-2017,21.0,27.0,0,6931,1844,3529,84,843,331,37,294
48201553300,2018-2022,22.2,26.6,0,3857,616,2925,0,224,92,77,15
48201553403,2013-2017,19.0,3.3333333333333335,0,6793,4621,641,908,266,337,0,337
48201553403,2018-2022,36.8,2.8,0,8636,5566,1591,492,416,557,402,155
48201553500,2018-2022,14.0,3.0,0,6892,5092,733,123,394,498,354,144
48201554403,2013-2017,12.0,4.666666666666667,0,11671,8414,1487,1345,201,196,0,196
48201554801,2013-2017,20.333333333333332,11.0,0,18061,12299,1971,1216,1805,378,0,378
48201554902,2018-2022,15.0,2.0,0,10906,7029,1566,652,956,627,221,406
48201555000,2013-2017,12.0,7.0,0,8105,6064,979,574,317,171,0,171
48201555200,2013-2017,15.0,13.0,0,8271,6761,545,233,384,317,10,307
48201555200,2018-2022,34.0,8.2,0,12448,7400,1518,488,897,2019,1363,656
48201555401,2013-2017,14.0,5.0,0,2854,2346,293,25,141,28,21,7
48201555402,2013-2017,14.0,22.5,0,7861,6811,518,186,176,170,22,148
48201555701,2018-2022,15.0,2.5,0,11826,6897,2083,1000,911,935,362,573
48201556000,2013-2017,16.0,13.4,0,7968,5827,1048,338,663,41,0,41
48201556000,2018-2022,29.8,15.0,0,11421,6259,1791,181,1725,1453,930,523
48201980100,2013-2017,69.25,24.25,0,733,282,366,0,79,6,0,6
48201980100,2018-2022,105.6,42.0,1,0,0,0,0,0,0,0,0
